time	stanley	env	control	diff_stanley	diff_control
0:01:21	23,2656	24,4844	16,8	1,21875	7,68437
0:02:24	15,0938	24,2594	8,18437	9,16562	16,075
0:03:22	7,84687	24,1781	8,06875	16,3313	16,1094
0:04:19	5,65937	23,9656	5,48125	18,3062	18,4844
0:05:17	4,85	23,7875	5,03125	18,9375	18,7563
0:06:14	4,40625	23,6719	4,75312	19,2656	18,9187
0:07:11	4,04063	23,55	4,34687	19,5094	19,2031
0:08:09	3,50312	23,4937	3,99375	19,9906	19,5
0:09:06	2,93438	23,4531	3,74063	20,5188	19,7125
0:10:04	2,4625	23,3969	3,59063	20,9344	19,8063
0:11:01	2,075	23,3687	3,5125	21,2937	19,8562
0:11:58	1,78438	23,25	3,46563	21,4656	19,7844
0:12:56	1,04688	23,1875	3,4375	22,1406	19,75
0:13:53	0,934375	23,0969	3,43125	22,1625	19,6656
0:14:51	0,88125	23,075	3,43438	22,1937	19,6406
0:15:48	0,86875	22,9875	3,4625	22,1188	19,525
0:16:45	0,865625	22,9094	3,52188	22,0437	19,3875
0:17:43	0,865625	22,8031	3,57187	21,9375	19,2313
0:18:40	0,85625	22,7375	3,65	21,8813	19,0875
0:19:38	0,846875	22,6562	3,71875	21,8094	18,9375
0:20:35	0,834375	22,65	3,79375	21,8156	18,8562
0:21:33	0,84375	22,5562	3,89375	21,7125	18,6625
0:22:30	0,828125	22,4875	3,9875	21,6594	18,5
0:23:28	0,821875	22,4062	4,15313	21,5844	18,2531
0:24:25	0,815625	22,4187	4,38125	21,6031	18,0375
0:25:23	0,825	22,3781	4,64062	21,5531	17,7375
0:26:20	0,821875	22,3687	4,84375	21,5469	17,525
0:27:18	0,821875	22,275	4,98438	21,4531	17,2906
0:28:15	0,825	22,1781	5,09063	21,3531	17,0875
0:29:13	0,821875	22,1125	5,1625	21,2906	16,95
0:30:10	0,8125	22,0469	5,1875	21,2344	16,8594
0:31:08	0,825	22,0063	5,1875	21,1813	16,8188
0:32:05	0,815625	22	5,1875	21,1844	16,8125
0:33:03	0,815625	21,95	5,1875	21,1344	16,7625
0:34:01	0,8125	21,9875	5,19375	21,175	16,7938
0:34:58	0,815625	21,9469	5,27813	21,1312	16,6687
0:35:55	0,8125	21,8125	5,40937	21	16,4031
0:36:53	0,815625	21,7781	5,38438	20,9625	16,3937
0:37:50	0,8125	21,8406	5,29063	21,0281	16,55
0:38:48	0,81875	21,8	5,24688	20,9812	16,5531
0:39:45	0,815625	21,6812	5,21875	20,8656	16,4625
0:40:43	0,8125	21,6406	5,20625	20,8281	16,4344
0:41:40	0,8125	21,7437	5,2125	20,9312	16,5312
0:42:38	0,8125	21,7719	5,25	20,9594	16,5219
0:43:35	0,8125	21,6344	5,27187	20,8219	16,3625
0:44:33	0,81875	21,5562	5,3125	20,7375	16,2437
0:45:30	0,81875	21,6	5,31562	20,7812	16,2844
0:46:28	0,8125	21,6531	5,3125	20,8406	16,3406
0:47:25	0,8125	21,65	5,29688	20,8375	16,3531
0:48:23	0,815625	21,5656	5,31562	20,75	16,25
0:49:20	0,8125	21,5156	5,42188	20,7031	16,0938
0:50:18	0,8125	21,4875	5,29688	20,675	16,1906
0:51:15	0,8125	21,4375	5,04063	20,625	16,3969
0:52:13	0,815625	21,4094	5	20,5938	16,4094
0:53:10	0,815625	21,4219	5,0625	20,6062	16,3594
0:54:08	0,815625	21,5	5,14062	20,6844	16,3594
0:55:05	0,81875	21,4312	5,24062	20,6125	16,1906
0:56:03	0,81875	21,3344	5,33437	20,5156	16
0:57:00	0,81875	21,3188	5,40313	20,5	15,9156
0:57:58	0,81875	21,2969	5,39687	20,4781	15,9
0:58:55	0,821875	21,3062	5,37188	20,4844	15,9344
0:59:53	0,8125	21,2719	5,40313	20,4594	15,8688
1:00:50	0,81875	21,1562	5,5	20,3375	15,6562
1:01:48	0,815625	21,1281	5,45937	20,3125	15,6688
1:02:45	0,825	21,125	5,33125	20,3	15,7937
1:03:43	0,834375	21,125	5,19062	20,2906	15,9344
1:04:40	0,821875	21,1875	5,19062	20,3656	15,9969
1:05:38	0,821875	21,1562	5,24688	20,3344	15,9094
1:06:35	0,825	21,1156	5,25	20,2906	15,8656
1:07:33	0,834375	21,0625	5,29063	20,2281	15,7719
1:08:30	0,834375	21,1062	5,49062	20,2719	15,6156
1:09:27	0,828125	21,15	5,45937	20,3219	15,6906
1:10:25	0,846875	21,2375	5,38438	20,3906	15,8531
1:11:22	0,83125	21,2375	5,42812	20,4062	15,8094
1:12:20	0,83125	21,1438	5,36562	20,3125	15,7781
1:13:17	0,840625	21,1625	5,31875	20,3219	15,8438
1:14:15	0,85	21,1438	5,3625	20,2937	15,7812
1:15:12	0,84375	21,0781	5,38125	20,2344	15,6969
1:16:10	0,840625	21,0906	5,3875	20,25	15,7031
1:17:07	0,840625	21,0562	5,44688	20,2156	15,6094
1:18:05	0,85	21,0031	5,33437	20,1531	15,6688
1:19:02	0,840625	21	5,325	20,1594	15,675
1:20:00	0,84375	20,9719	5,375	20,1281	15,5969
1:20:57	0,859375	21,0063	5,41875	20,1469	15,5875
1:21:54	0,853125	20,9625	5,46875	20,1094	15,4937
1:22:52	0,85625	20,9844	5,4375	20,1281	15,5469
1:23:49	0,853125	21,025	5,49375	20,1719	15,5312
1:24:47	0,8625	21,0188	5,61562	20,1562	15,4031
1:25:44	0,8625	20,9594	5,69062	20,0969	15,2688
1:26:41	0,853125	21,0063	5,775	20,1531	15,2313
1:27:39	0,859375	21,0156	5,88438	20,1562	15,1312
1:28:36	0,8625	21,0156	6,0125	20,1531	15,0031
1:29:34	0,871875	20,9906	6,12812	20,1188	14,8625
1:30:31	0,865625	20,9781	6,26875	20,1125	14,7094
1:31:29	0,86875	20,9062	6,43438	20,0375	14,4719
1:32:26	0,865625	20,8594	6,57188	19,9937	14,2875
1:33:23	0,865625	20,9438	6,74375	20,0781	14,2
1:34:21	0,871875	20,9375	6,925	20,0656	14,0125
1:35:18	0,871875	20,9937	7,11562	20,1219	13,8781
1:36:16	0,86875	20,975	7,29063	20,1063	13,6844
1:37:13	0,871875	20,95	7,49375	20,0781	13,4562
1:38:10	0,875	20,9094	7,70312	20,0344	13,2063
1:39:08	0,875	20,9062	7,90625	20,0312	13
1:40:31	0,871875	20,9156	8,175	20,0437	12,7406
1:41:31	0,875	20,9375	8,43437	20,0625	12,5031
1:42:37	0,875	20,9406	8,66875	20,0656	12,2719
4:47:36	1,05	21,8344	15,3656	20,7844	6,46875
4:48:33	1,2625	22,75	21,3125	21,4875	1,4375
4:49:31	1,28125	22,75	21,3125	21,4688	1,4375
4:50:28	1,28125	22,7594	21,3125	21,4781	1,44687
4:51:26	1,28438	22,8	21,3469	21,5156	1,45312
4:52:24	1,275	22,8125	21,375	21,5375	1,4375
4:53:21	1,29375	22,7625	21,375	21,4688	1,3875
4:54:19	1,29375	22,7719	21,375	21,4781	1,39688
4:55:16	1,30625	22,8125	21,3938	21,5063	1,41875
4:56:14	1,3	22,8125	21,4375	21,5125	1,375
4:57:12	1,30937	22,8125	21,4375	21,5031	1,375
4:58:09	1,30937	22,8125	21,4375	21,5031	1,375
4:59:07	1,3125	22,8156	21,4375	21,5031	1,37813
5:00:04	1,3125	22,8719	21,4844	21,5594	1,3875
5:01:02	1,3125	22,8469	21,5	21,5344	1,34688
5:02:00	1,3125	22,8438	21,5	21,5312	1,34375
5:02:57	1,31563	22,8562	21,5	21,5406	1,35625
5:03:55	1,3125	22,875	21,5188	21,5625	1,35625
5:04:52	1,3125	22,875	21,5562	21,5625	1,31875
5:05:50	1,3125	22,8844	21,5625	21,5719	1,32187
5:06:48	1,3125	22,875	21,5625	21,5625	1,3125
5:07:45	1,32187	22,875	21,5656	21,5531	1,30937
5:08:43	1,33125	22,875	21,6062	21,5437	1,26875
5:09:40	1,3375	22,9031	21,625	21,5656	1,27812
5:10:38	1,34062	22,9375	21,625	21,5969	1,3125
5:11:36	1,34688	22,9375	21,625	21,5906	1,3125
5:12:33	1,3375	22,9375	21,6469	21,6	1,29062
5:13:31	1,34375	22,9375	21,675	21,5938	1,2625
5:14:28	1,3625	22,9375	21,6875	21,575	1,25
5:15:26	1,36875	22,9375	21,6875	21,5688	1,25
5:16:24	1,37187	22,9375	21,6875	21,5656	1,25
5:17:21	1,375	22,975	21,6938	21,6	1,28125
5:18:19	1,375	23	21,7437	21,625	1,25625
5:19:16	1,375	22,9688	21,75	21,5938	1,21875
5:20:14	1,375	22,9719	21,75	21,5969	1,22188
5:21:12	1,375	23	21,75	21,625	1,25
5:22:09	1,375	23	21,7531	21,625	1,24687
5:23:07	1,375	23,0094	21,8	21,6344	1,20937
5:24:04	1,375	23	21,8094	21,625	1,19063
5:25:02	1,37813	23	21,8125	21,6219	1,1875
5:26:00	1,38125	23	21,8125	21,6187	1,1875
5:26:57	1,37813	23	21,8125	21,6219	1,1875
5:27:55	1,4	23	21,8562	21,6	1,14375
5:28:52	1,40625	23	21,875	21,5938	1,125
5:29:50	1,39688	23	21,875	21,6031	1,125
5:30:48	1,41562	23,0219	21,875	21,6063	1,14688
5:31:45	1,42188	23,0625	21,875	21,6406	1,1875
5:32:43	1,42813	23,0437	21,8938	21,6156	1,15
5:33:40	1,43437	23,0031	21,9344	21,5688	1,06875
5:34:38	1,43125	23,0031	21,9375	21,5719	1,06563
5:35:36	1,43437	23,0031	21,9375	21,5688	1,06563
5:36:33	1,43125	23	21,9375	21,5688	1,0625
5:37:31	1,4375	23,0469	21,9406	21,6094	1,10625
5:38:28	1,4375	23,0625	21,9594	21,625	1,10312
5:39:26	1,4375	23,0781	22	21,6406	1,07812
5:40:24	1,4375	23,0625	22	21,625	1,0625
5:41:21	1,4375	23,0625	22	21,625	1,0625
5:42:19	1,4375	23,0625	22	21,625	1,0625
5:43:16	1,44375	23,0656	22,0063	21,6219	1,05937
5:44:14	1,45	23,0625	22,0281	21,6125	1,03438
5:45:12	1,44375	23,0844	22,0594	21,6406	1,025
5:46:09	1,44375	23,0906	22,0625	21,6469	1,02812
5:47:07	1,4625	23,1062	22,0625	21,6438	1,04375
5:48:04	1,45938	23,0625	22,0625	21,6031	1
5:49:02	1,45938	23,0625	22,0625	21,6031	1
5:50:00	1,47188	23,0625	22,0688	21,5906	0,99375
5:50:57	1,4875	23,0625	22,1156	21,575	0,946875
5:51:55	1,47812	23,0625	22,125	21,5844	0,9375
5:52:52	1,49687	23,0625	22,125	21,5656	0,9375
5:53:50	1,5	23,0625	22,125	21,5625	0,9375
5:54:48	1,49687	23,0625	22,125	21,5656	0,9375
5:55:45	1,5	23,0875	22,125	21,5875	0,9625
5:56:43	1,5	23,125	22,1406	21,625	0,984375
5:57:40	1,49687	23,125	22,175	21,6281	0,95
5:58:38	1,5	23,1219	22,1875	21,6219	0,934375
5:59:36	1,50625	23,125	22,1875	21,6187	0,9375
6:00:33	1,50937	23,125	22,1875	21,6156	0,9375
6:01:31	1,50625	23,125	22,1875	21,6187	0,9375
6:02:28	1,5125	23,125	22,1875	21,6125	0,9375
6:03:26	1,51562	23,0781	22,2031	21,5625	0,875
6:04:24	1,53125	23,0719	22,2375	21,5406	0,834375
6:05:21	1,52188	23,0625	22,2469	21,5406	0,815625
6:06:19	1,5375	23,0625	22,25	21,525	0,8125
6:07:16	1,53438	23,0625	22,25	21,5281	0,8125
6:08:14	1,55937	23,0625	22,25	21,5031	0,8125
6:09:12	1,55625	23,075	22,25	21,5188	0,825
6:10:09	1,5625	23,125	22,2594	21,5625	0,865625
6:11:07	1,55937	23,125	22,2875	21,5656	0,8375
6:12:04	1,5625	23,125	22,3125	21,5625	0,8125
6:13:02	1,5625	23,125	22,3125	21,5625	0,8125
6:14:00	1,5625	23,125	22,3125	21,5625	0,8125
6:14:57	1,5625	23,125	22,3125	21,5625	0,8125
6:15:55	1,5625	23,125	22,3125	21,5625	0,8125
6:16:52	1,56563	23,1469	22,3156	21,5813	0,83125
6:17:50	1,5625	23,1687	22,3156	21,6062	0,853125
6:18:48	1,56563	23,1875	22,3656	21,6219	0,821875
6:19:45	1,575	23,1875	22,375	21,6125	0,8125
6:20:43	1,57187	23,1875	22,375	21,6156	0,8125
6:21:40	1,57187	23,1906	22,375	21,6188	0,815625
6:22:38	1,5875	23,1969	22,375	21,6094	0,821875
6:23:36	1,59688	23,2469	22,375	21,65	0,871875
6:24:33	1,60625	23,25	22,3781	21,6438	0,871875
6:25:31	1,6	23,25	22,3906	21,65	0,859375
6:26:28	1,62187	23,25	22,4281	21,6281	0,821875
6:27:26	1,61875	23,25	22,4375	21,6313	0,8125
6:28:24	1,625	23,25	22,4375	21,625	0,8125
6:29:21	1,625	23,25	22,4375	21,625	0,8125
6:30:19	1,625	23,25	22,4375	21,625	0,8125
6:31:16	1,62813	23,25	22,4406	21,6219	0,809375
6:32:14	1,625	23,3	22,4594	21,675	0,840625
6:33:12	1,63125	23,3125	22,4906	21,6812	0,821875
6:34:09	1,6375	23,3125	22,5	21,675	0,8125
6:35:07	1,625	23,3188	22,5	21,6938	0,81875
6:36:04	1,63437	23,3125	22,5	21,6781	0,8125
6:37:02	1,64375	23,3156	22,5	21,6719	0,815625
6:38:00	1,64688	23,3656	22,5094	21,7188	0,85625
6:38:57	1,65625	23,375	22,5344	21,7188	0,840625
6:39:55	1,65625	23,3781	22,5625	21,7219	0,815625
6:40:52	1,66875	23,3781	22,5625	21,7094	0,815625
6:41:50	1,68125	23,3813	22,5625	21,7	0,81875
6:42:48	1,6875	23,4	22,5625	21,7125	0,8375
6:43:45	1,68437	23,4344	22,5625	21,75	0,871875
6:44:43	1,6875	23,4375	22,5813	21,75	0,85625
6:45:40	1,6875	23,4375	22,6156	21,75	0,821875
6:46:38	1,6875	23,4375	22,625	21,75	0,8125
6:47:36	1,6875	23,4406	22,625	21,7531	0,815625
6:48:33	1,6875	23,4688	22,625	21,7812	0,84375
6:49:31	1,69063	23,475	22,625	21,7844	0,85
6:50:28	1,69063	23,4969	22,6281	21,8062	0,86875
6:51:26	1,69063	23,5	22,6719	21,8094	0,828125
6:52:24	1,7	23,5	22,6844	21,8	0,815625
6:53:21	1,70625	23,5	22,6875	21,7937	0,8125
6:54:19	1,70625	23,5	22,6875	21,7937	0,8125
6:55:16	1,72812	23,5	22,6875	21,7719	0,8125
6:56:14	1,72188	23,5125	22,6875	21,7906	0,825
6:57:12	1,7375	23,5375	22,7031	21,8	0,834375
6:58:09	1,74687	23,5625	22,7312	21,8156	0,83125
6:59:07	1,74687	23,5625	22,75	21,8156	0,8125
7:00:04	1,74687	23,5625	22,75	21,8156	0,8125
7:01:02	1,75	23,5625	22,75	21,8125	0,8125
7:02:00	1,75	23,5625	22,75	21,8125	0,8125
7:02:57	1,75	23,5688	22,75	21,8188	0,81875
7:03:55	1,75	23,6125	22,7844	21,8625	0,828125
7:04:52	1,75625	23,625	22,8094	21,8687	0,815625
7:05:50	1,75313	23,625	22,8125	21,8719	0,8125
7:06:48	1,76562	23,625	22,8125	21,8594	0,8125
7:07:45	1,775	23,625	22,8125	21,85	0,8125
7:08:43	1,77188	23,625	22,8125	21,8531	0,8125
7:09:40	1,78125	23,625	22,8406	21,8438	0,784375
7:10:38	1,78438	23,6344	22,8719	21,85	0,7625
7:11:36	1,8	23,6313	22,875	21,8313	0,75625
7:12:33	1,8	23,6656	22,875	21,8656	0,790625
7:13:31	1,8125	23,6781	22,875	21,8656	0,803125
7:14:28	1,8125	23,6875	22,875	21,875	0,8125
7:15:26	1,80937	23,6875	22,8813	21,8781	0,80625
7:16:24	1,8125	23,6875	22,9187	21,875	0,76875
7:17:21	1,8125	23,6875	22,9375	21,875	0,75
7:18:19	1,8125	23,6938	22,9375	21,8813	0,75625
7:19:16	1,81563	23,7406	22,9375	21,925	0,803125
7:20:14	1,81563	23,75	22,9375	21,9344	0,8125
7:21:12	1,8125	23,75	22,9375	21,9375	0,8125
7:22:09	1,81563	23,75	22,95	21,9344	0,8
7:23:07	1,825	23,7594	22,9875	21,9344	0,771875
7:24:04	1,8375	23,7781	23	21,9406	0,778125
7:25:02	1,84375	23,8125	23	21,9688	0,8125
7:26:00	1,85312	23,8125	23	21,9594	0,8125
7:26:57	1,86563	23,8125	23	21,9469	0,8125
7:27:55	1,8625	23,8125	23	21,95	0,8125
7:28:52	1,86563	23,8125	23,0469	21,9469	0,765625
7:29:50	1,875	23,8156	23,0562	21,9406	0,759375
7:30:48	1,875	23,8531	23,0625	21,9781	0,790625
7:31:45	1,875	23,8719	23,0625	21,9969	0,809375
7:32:43	1,875	23,8719	23,0625	21,9969	0,809375
7:33:40	1,875	23,875	23,0625	22	0,8125
7:34:38	1,87813	23,875	23,0875	21,9969	0,7875
7:35:36	1,87813	23,8813	23,1187	22,0031	0,7625
7:36:33	1,8875	23,9281	23,125	22,0406	0,803125
7:37:31	1,88437	23,9375	23,125	22,0531	0,8125
7:38:28	1,8875	23,9375	23,125	22,05	0,8125
7:39:26	1,90312	23,9375	23,125	22,0344	0,8125
7:40:24	1,9	23,9375	23,1438	22,0375	0,79375
7:41:21	1,91875	23,95	23,1812	22,0312	0,76875
7:42:19	1,925	24	23,1875	22,075	0,8125
7:43:16	1,93125	23,9969	23,1875	22,0656	0,809375
7:44:14	1,9375	24	23,1875	22,0625	0,8125
7:45:12	1,93125	24	23,1875	22,0688	0,8125
7:46:09	1,9375	24	23,2219	22,0625	0,778125
7:47:07	1,9375	24,0188	23,2469	22,0813	0,771875
7:48:04	1,9375	24,05	23,25	22,1125	0,8
7:49:02	1,9375	24,0625	23,25	22,125	0,8125
7:50:00	1,9375	24,0625	23,25	22,125	0,8125
7:50:57	1,94375	24,0656	23,2531	22,1219	0,8125
7:51:55	1,95312	24,0813	23,2937	22,1281	0,7875
7:52:52	1,95625	24,1062	23,3125	22,15	0,79375
7:53:50	1,95938	24,125	23,3125	22,1656	0,8125
7:54:48	1,975	24,125	23,3125	22,15	0,8125
7:55:45	1,99063	24,125	23,3125	22,1344	0,8125
7:56:43	1,99063	24,1281	23,3344	22,1375	0,79375
7:57:40	2	24,15	23,3719	22,15	0,778125
7:58:38	2	24,1875	23,375	22,1875	0,8125
7:59:36	1,99687	24,1875	23,375	22,1906	0,8125
8:00:33	2,00312	24,1875	23,375	22,1844	0,8125
8:01:31	2	24,2188	23,3813	22,2188	0,8375
8:02:28	2	24,2125	23,4125	22,2125	0,8
8:03:26	2,00312	24,25	23,4375	22,2469	0,8125
8:04:24	2	24,25	23,4375	22,25	0,8125
8:05:21	2,00625	24,2531	23,4375	22,2469	0,815625
8:06:19	2,025	24,2969	23,4375	22,2719	0,859375
8:07:16	2,025	24,3094	23,4688	22,2844	0,840625
8:08:14	2,03437	24,3125	23,5	22,2781	0,8125
8:09:12	2,0375	24,3125	23,5	22,275	0,8125
8:10:09	2,05	24,3375	23,5	22,2875	0,8375
8:11:07	2,05625	24,375	23,5031	22,3188	0,871875
8:12:04	2,05938	24,375	23,5156	22,3156	0,859375
8:13:02	2,05938	24,375	23,5562	22,3156	0,81875
8:14:00	2,05938	24,3813	23,5625	22,3219	0,81875
8:14:57	2,0625	24,4344	23,5625	22,3719	0,871875
8:15:55	2,0625	24,4375	23,5656	22,375	0,871875
8:16:52	2,0625	24,4375	23,5875	22,375	0,85
8:17:50	2,0625	24,4375	23,625	22,375	0,8125
8:18:48	2,06875	24,4594	23,625	22,3906	0,834375
8:19:45	2,0875	24,4969	23,625	22,4094	0,871875
8:20:43	2,07187	24,5	23,6281	22,4281	0,871875
8:21:40	2,09687	24,5	23,6719	22,4031	0,828125
8:22:38	2,10312	24,5094	23,6875	22,4062	0,821875
8:23:36	2,11563	24,5625	23,6875	22,4469	0,875
8:24:33	2,11875	24,5625	23,6875	22,4438	0,875
8:25:31	2,125	24,5625	23,7031	22,4375	0,859375
8:26:28	2,125	24,5625	23,7406	22,4375	0,821875
8:27:26	2,125	24,5625	23,75	22,4375	0,8125
8:28:24	2,125	24,6031	23,75	22,4781	0,853125
8:29:21	2,125	24,625	23,7531	22,5	0,871875
8:30:19	2,13437	24,625	23,7688	22,4906	0,85625
8:31:16	2,12812	24,6344	23,8	22,5062	0,834375
8:32:14	2,13125	24,6687	23,8125	22,5375	0,85625
8:33:12	2,13437	24,6562	23,8125	22,5219	0,84375
8:34:09	2,15313	24,6875	23,8125	22,5344	0,875
8:35:07	2,17188	24,6875	23,8406	22,5156	0,846875
8:36:04	2,18125	24,6875	23,875	22,5063	0,8125
8:37:02	2,18125	24,6875	23,875	22,5063	0,8125
8:38:00	2,18438	24,7094	23,875	22,525	0,834375
8:38:57	2,1875	24,7469	23,8781	22,5594	0,86875
8:39:58	2,1875	24,75	23,9187	22,5625	0,83125
8:40:55	2,19062	24,7531	23,9375	22,5625	0,815625
8:41:53	2,1875	24,7875	23,9375	22,6	0,85
8:42:51	2,19375	24,8125	23,9375	22,6187	0,875
8:43:48	2,19375	24,8125	23,9563	22,6187	0,85625
8:44:46	2,19375	24,8125	24	22,6187	0,8125
8:45:46	2,21563	24,8313	24	22,6156	0,83125
8:46:44	2,225	24,875	24	22,65	0,875
8:47:44	2,23438	24,875	24,0031	22,6406	0,871875
8:48:42	2,2375	24,875	24,0531	22,6375	0,821875
8:49:39	2,25	24,875	24,0625	22,625	0,8125
8:50:37	2,24375	24,9281	24,0625	22,6844	0,865625
8:51:35	2,25	24,9094	24,0625	22,6594	0,846875
8:52:32	2,25	24,9375	24,1	22,6875	0,8375
8:53:30	2,25	24,9375	24,1219	22,6875	0,815625
8:54:27	2,25625	24,9594	24,125	22,7031	0,834375
8:55:25	2,2625	24,9844	24,125	22,7219	0,859375
8:56:23	2,2625	25	24,1281	22,7375	0,871875
8:57:20	2,26875	25	24,1781	22,7312	0,821875
8:58:18	2,28125	25	24,1875	22,7188	0,8125
8:59:15	2,28125	25,0437	24,1875	22,7625	0,85625
9:00:13	2,3	25,0625	24,1875	22,7625	0,875
9:01:11	2,30625	25,0625	24,2219	22,7563	0,840625
9:02:08	2,30938	25,0813	24,25	22,7719	0,83125
9:03:06	2,3125	25,125	24,25	22,8125	0,875
9:04:03	2,3125	25,125	24,25	22,8125	0,875
9:05:01	2,3125	25,125	24,2531	22,8125	0,871875
9:05:59	2,3125	25,1375	24,2906	22,825	0,846875
9:06:56	2,31562	25,1594	24,3062	22,8438	0,853125
9:07:54	2,3125	25,1625	24,3125	22,85	0,85
9:08:51	2,325	25,1875	24,3125	22,8625	0,875
9:09:49	2,33125	25,1875	24,3188	22,8562	0,86875
9:10:47	2,34063	25,1875	24,35	22,8469	0,8375
9:11:44	2,36875	25,1969	24,375	22,8281	0,821875
9:12:42	2,35938	25,1938	24,375	22,8344	0,81875
9:13:39	2,36875	25,2344	24,375	22,8656	0,859375
9:14:37	2,375	25,25	24,3781	22,875	0,871875
9:15:35	2,37188	25,25	24,4125	22,8781	0,8375
9:16:32	2,375	25,2688	24,4375	22,8938	0,83125
9:17:30	2,37812	25,3	24,4375	22,9219	0,8625
9:18:27	2,375	25,3125	24,4375	22,9375	0,875
9:19:25	2,38437	25,3125	24,4406	22,9281	0,871875
9:20:23	2,4	25,3125	24,475	22,9125	0,8375
9:21:20	2,40937	25,3594	24,5	22,95	0,859375
9:22:18	2,41875	25,375	24,5	22,9563	0,875
9:23:15	2,42188	25,375	24,5	22,9531	0,875
9:24:13	2,43125	25,375	24,5	22,9438	0,875
9:25:11	2,43438	25,375	24,5375	22,9406	0,8375
9:26:08	2,4375	25,3813	24,5625	22,9438	0,81875
9:27:06	2,4375	25,4375	24,5625	23	0,875
9:28:03	2,4375	25,4375	24,5625	23	0,875
9:29:04	2,4375	25,4625	24,5656	23,025	0,896875
9:30:13	2,44687	25,4812	24,6062	23,0344	0,875
9:31:11	2,45	25,4844	24,625	23,0344	0,859375
9:32:08	2,47812	25,5	24,625	23,0219	0,875
9:33:06	2,4875	25,5	24,625	23,0125	0,875
9:34:03	2,48125	25,5	24,6313	23,0188	0,86875
9:35:01	2,49688	25,4969	24,6656	23	0,83125
9:35:59	2,5	25,5	24,6844	23	0,815625
9:36:56	2,5	25,4781	24,6875	22,9781	0,790625
9:37:54	2,5	25,4469	24,6875	22,9469	0,759375
9:38:51	2,50312	25,4656	24,6875	22,9625	0,778125
9:39:49	2,50625	25,45	24,7	22,9437	0,75
9:40:47	2,51562	25,4406	24,725	22,925	0,715625
9:41:44	2,51875	25,4375	24,75	22,9187	0,6875
9:42:42	2,52813	25,4375	24,75	22,9094	0,6875
9:43:39	2,54062	25,4375	24,75	22,8969	0,6875
9:44:37	2,55	25,4375	24,75	22,8875	0,6875
9:45:35	2,55	25,4375	24,7531	22,8875	0,684375
9:46:32	2,5625	25,4375	24,7937	22,875	0,64375
9:47:30	2,5625	25,4375	24,8125	22,875	0,625
9:48:27	2,5625	25,4375	24,8125	22,875	0,625
9:49:25	2,5625	25,4375	24,8125	22,875	0,625
9:50:23	2,57187	25,4375	24,8125	22,8656	0,625
9:51:20	2,57187	25,4375	24,8125	22,8656	0,625
9:52:18	2,58438	25,4375	24,8156	22,8531	0,621875
9:53:15	2,59063	25,4375	24,8531	22,8469	0,584375
9:54:13	2,60625	25,4375	24,8687	22,8313	0,56875
9:55:11	2,62188	25,4375	24,875	22,8156	0,5625
9:56:08	2,62188	25,4375	24,875	22,8156	0,5625
9:57:06	2,625	25,4375	24,875	22,8125	0,5625
9:58:03	2,625	25,4375	24,875	22,8125	0,5625
9:59:01	2,625	25,4375	24,875	22,8125	0,5625
9:59:59	2,63125	25,4375	24,8813	22,8062	0,55625
10:00:56	2,63125	25,4375	24,8875	22,8062	0,55
10:01:54	2,6375	25,4375	24,925	22,8	0,5125
10:02:51	2,64688	25,4375	24,9312	22,7906	0,50625
10:03:49	2,66562	25,4563	24,9375	22,7906	0,51875
10:04:47	2,66875	25,4563	24,9375	22,7875	0,51875
10:05:44	2,68438	25,4438	24,9375	22,7594	0,50625
10:06:42	2,6875	25,4812	24,9375	22,7937	0,54375
10:07:39	2,6875	25,5	24,9375	22,8125	0,5625
10:08:37	2,6875	25,5	24,9375	22,8125	0,5625
10:09:35	2,6875	25,5	24,9375	22,8125	0,5625
10:10:32	2,69687	25,5	24,9438	22,8031	0,55625
10:11:30	2,69375	25,5	24,9625	22,8062	0,5375
10:12:27	2,69375	25,5	24,9844	22,8062	0,515625
10:13:25	2,71875	25,5281	24,9969	22,8094	0,53125
10:14:23	2,73438	25,5531	25	22,8188	0,553125
10:15:20	2,74688	25,55	25	22,8031	0,55
10:16:18	2,75	25,5625	25	22,8125	0,5625
10:17:15	2,74688	25,5625	25	22,8156	0,5625
10:18:13	2,75	25,5625	25	22,8125	0,5625
10:19:11	2,75	25,5625	25	22,8125	0,5625
10:20:08	2,75	25,5625	25	22,8125	0,5625
10:21:06	2,7625	25,5625	25,0188	22,8	0,54375
10:22:06	2,7625	25,5625	25,0312	22,8	0,53125
10:23:04	2,77813	25,5625	25,0594	22,7844	0,503125
10:24:02	2,79062	25,5875	25,0625	22,7969	0,525
10:24:59	2,79688	25,5844	25,0625	22,7875	0,521875
10:25:57	2,80938	25,5656	25,0625	22,7563	0,503125
10:26:54	2,80938	25,6031	25,0625	22,7937	0,540625
10:27:52	2,80625	25,6125	25,0625	22,8063	0,55
10:28:50	2,8125	25,625	25,0625	22,8125	0,5625
10:29:47	2,8125	25,625	25,0625	22,8125	0,5625
10:30:45	2,81562	25,625	25,0625	22,8094	0,5625
10:31:42	2,81875	25,625	25,0656	22,8062	0,559375
10:32:40	2,8375	25,625	25,075	22,7875	0,55
10:33:38	2,84687	25,625	25,1	22,7781	0,525
10:34:35	2,85938	25,625	25,1125	22,7656	0,5125
10:35:33	2,87188	25,625	25,1125	22,7531	0,5125
10:36:30	2,86875	25,625	25,1219	22,7563	0,503125
10:37:28	2,875	25,6313	25,125	22,7563	0,50625
10:38:26	2,875	25,6812	25,125	22,8062	0,55625
10:39:23	2,87812	25,6687	25,125	22,7906	0,54375
10:40:21	2,87812	25,6844	25,125	22,8062	0,559375
10:41:18	2,88125	25,6875	25,125	22,8062	0,5625
10:42:16	2,9	25,6875	25,125	22,7875	0,5625
10:43:14	2,91562	25,6875	25,125	22,7719	0,5625
10:44:11	2,9125	25,6875	25,125	22,775	0,5625
10:45:09	2,93438	25,6875	25,125	22,7531	0,5625
10:46:06	2,93438	25,6875	25,1281	22,7531	0,559375
10:47:04	2,93438	25,6875	25,125	22,7531	0,5625
10:48:02	2,9375	25,6875	25,1469	22,75	0,540625
10:48:59	2,9375	25,7281	25,1687	22,7906	0,559375
10:49:57	2,9375	25,7312	25,1844	22,7937	0,546875
10:50:54	2,94375	25,75	25,1875	22,8062	0,5625
10:51:52	2,95625	25,75	25,1875	22,7937	0,5625
10:52:50	2,96563	25,75	25,1875	22,7844	0,5625
10:53:47	2,96875	25,75	25,1875	22,7812	0,5625
10:54:45	2,9875	25,75	25,1875	22,7625	0,5625
10:55:42	3	25,75	25,1875	22,75	0,5625
10:56:40	3	25,7906	25,1906	22,7906	0,6
10:57:38	3	25,8	25,2156	22,8	0,584375
10:58:35	3	25,8094	25,2344	22,8094	0,575
10:59:33	3	25,8125	25,2437	22,8125	0,56875
11:00:30	3,00625	25,8125	25,25	22,8062	0,5625
11:01:28	3,025	25,8125	25,25	22,7875	0,5625
11:02:26	3,04375	25,8156	25,25	22,7719	0,565625
11:03:23	3,0375	25,8125	25,25	22,775	0,5625
11:04:21	3,05313	25,8375	25,25	22,7844	0,5875
11:05:18	3,0625	25,8281	25,25	22,7656	0,578125
11:06:16	3,0625	25,8594	25,25	22,7969	0,609375
11:07:14	3,0625	25,875	25,25	22,8125	0,625
11:08:11	3,0625	25,8781	25,25	22,8156	0,628125
11:09:09	3,07812	25,8906	25,25	22,8125	0,640625
11:10:06	3,07812	25,9187	25,25	22,8406	0,66875
11:11:04	3,10625	25,9375	25,2531	22,8313	0,684375
11:12:02	3,11563	25,9375	25,2563	22,8219	0,68125
11:12:59	3,12188	25,9375	25,275	22,8156	0,6625
11:13:57	3,12188	25,9375	25,3031	22,8156	0,634375
11:14:54	3,125	25,9375	25,3094	22,8125	0,628125
11:15:52	3,12812	25,9563	25,3125	22,8281	0,64375
11:16:50	3,1375	26	25,3125	22,8625	0,6875
11:17:47	3,14375	26,0063	25,3125	22,8625	0,69375
11:18:45	3,15937	26,0281	25,3125	22,8687	0,715625
11:19:42	3,175	26,0219	25,3125	22,8469	0,709375
11:20:40	3,1875	26,0156	25,3125	22,8281	0,703125
11:21:38	3,1875	26,0063	25,3219	22,8188	0,684375
11:22:35	3,19062	26,0125	25,3375	22,8219	0,675
11:23:33	3,19062	26,0031	25,3687	22,8125	0,634375
11:24:30	3,2	26,025	25,375	22,825	0,65
11:25:28	3,21563	26,0531	25,375	22,8375	0,678125
11:26:26	3,2375	26,0625	25,375	22,825	0,6875
11:27:23	3,24688	26,0594	25,375	22,8125	0,684375
11:28:21	3,25	26,0594	25,375	22,8094	0,684375
11:29:18	3,25	26,0625	25,375	22,8125	0,6875
11:30:16	3,2625	26,0469	25,375	22,7844	0,671875
11:31:14	3,27188	26,0469	25,375	22,775	0,671875
11:32:11	3,29062	26,0625	25,375	22,7719	0,6875
11:33:09	3,30625	26,0625	25,375	22,7563	0,6875
11:34:06	3,30938	26,0625	25,375	22,7531	0,6875
11:35:04	3,30938	26,0625	25,3906	22,7531	0,671875
11:36:02	3,325	26,0625	25,4062	22,7375	0,65625
11:36:59	3,33125	26,0625	25,4219	22,7312	0,640625
11:37:57	3,35312	26,0625	25,4312	22,7094	0,63125
11:38:54	3,37188	26,0625	25,4344	22,6906	0,628125
11:39:52	3,375	26,0625	25,4375	22,6875	0,625
11:40:50	3,38125	26,0625	25,4375	22,6812	0,625
11:41:47	3,39062	26,0625	25,4375	22,6719	0,625
11:42:45	3,41562	26,0625	25,4375	22,6469	0,625
11:43:42	3,43438	26,0625	25,4375	22,6281	0,625
11:44:40	3,4375	26,0625	25,4375	22,625	0,625
11:45:38	3,4375	26,0625	25,4375	22,625	0,625
11:46:35	3,45312	26,0625	25,4375	22,6094	0,625
11:47:33	3,47812	26,0625	25,4375	22,5844	0,625
11:48:30	3,4875	26,0625	25,4375	22,575	0,625
11:49:28	3,5	26,0625	25,4375	22,5625	0,625
11:50:26	3,50312	26,0625	25,4375	22,5594	0,625
11:51:23	3,50937	26,0625	25,4375	22,5531	0,625
11:52:21	3,54062	26,0625	25,4375	22,5219	0,625
11:53:18	3,55938	26,0625	25,4375	22,5031	0,625
11:54:16	3,5625	26,0625	25,4406	22,5	0,621875
11:55:14	3,5625	26,0625	25,4375	22,5	0,625
11:56:11	3,56875	26,0625	25,4438	22,4937	0,61875
11:57:09	3,59375	26,0625	25,4469	22,4688	0,615625
11:58:06	3,625	26,0469	25,4469	22,4219	0,6
11:59:04	3,625	26,0469	25,4531	22,4219	0,59375
12:00:02	3,63125	26,0375	25,4625	22,4062	0,575
12:00:59	3,64688	26,0406	25,4563	22,3937	0,584375
12:01:57	3,65625	26,0437	25,4438	22,3875	0,6
12:02:54	3,68438	26,05	25,4531	22,3656	0,596875
12:03:52	3,68438	26,0625	25,4469	22,3781	0,615625
12:04:50	3,69062	26,0625	25,4656	22,3719	0,596875
12:05:47	3,71563	26,0625	25,45	22,3469	0,6125
12:06:45	3,7375	26,0625	25,4625	22,325	0,6
12:07:42	3,75	26,0625	25,4781	22,3125	0,584375
12:08:40	3,75	26,0625	25,4812	22,3125	0,58125
12:09:38	3,75625	26,0625	25,4688	22,3062	0,59375
12:10:35	3,78125	26,0625	25,4844	22,2812	0,578125
12:11:33	3,79375	26,0625	25,4906	22,2688	0,571875
12:12:30	3,8125	26,0625	25,4937	22,25	0,56875
12:13:28	3,8125	26,0625	25,5	22,25	0,5625
12:14:26	3,8125	26,0625	25,5	22,25	0,5625
12:15:23	3,84375	26,0625	25,5	22,2188	0,5625
12:16:21	3,85312	26,0625	25,5	22,2094	0,5625
12:17:18	3,875	26,0625	25,5	22,1875	0,5625
12:18:16	3,875	26,0625	25,5	22,1875	0,5625
12:19:14	3,88437	26,0625	25,5	22,1781	0,5625
12:20:11	3,89375	26,0625	25,5	22,1687	0,5625
12:21:09	3,92813	26,0625	25,5	22,1344	0,5625
12:22:06	3,9375	26,0625	25,5	22,125	0,5625
12:23:04	3,9375	26,0625	25,5	22,125	0,5625
12:24:02	3,94375	26,0625	25,5	22,1187	0,5625
12:24:59	3,975	26,0625	25,4844	22,0875	0,578125
12:25:57	3,9875	26,0625	25,4844	22,075	0,578125
12:26:54	4	26,0625	25,4594	22,0625	0,603125
12:27:52	4,00312	26,0625	25,4563	22,0594	0,60625
12:28:50	4,0125	26,0625	25,4469	22,05	0,615625
12:29:47	4,04375	26,0531	25,4406	22,0094	0,6125
12:30:45	4,05938	26,0344	25,4406	21,975	0,59375
12:31:42	4,05938	26,0063	25,4375	21,9469	0,56875
12:32:43	4,06875	26,0031	25,4375	21,9344	0,565625
12:33:40	4,09063	26,0031	25,4375	21,9125	0,565625
12:34:38	4,10938	26	25,4375	21,8906	0,5625
12:35:36	4,12188	26	25,4375	21,8781	0,5625
12:36:33	4,125	26	25,4375	21,875	0,5625
12:37:31	4,15	26	25,4375	21,85	0,5625
12:38:28	4,15937	26	25,4344	21,8406	0,565625
12:39:26	4,18438	26	25,4344	21,8156	0,565625
12:40:24	4,19062	26	25,4281	21,8094	0,571875
12:41:21	4,19375	25,9937	25,4094	21,8	0,584375
12:42:19	4,20625	26	25,4031	21,7937	0,596875
12:43:16	4,24062	25,975	25,3844	21,7344	0,590625
12:44:14	4,25	25,9688	25,375	21,7188	0,59375
12:45:12	4,25312	25,9563	25,375	21,7031	0,58125
12:46:09	4,26562	25,9438	25,375	21,6781	0,56875
12:47:07	4,29688	25,9375	25,375	21,6406	0,5625
12:48:04	4,3125	25,9406	25,375	21,6281	0,565625
12:49:02	4,3125	25,9406	25,375	21,6281	0,565625
12:50:00	4,33125	25,9375	25,375	21,6062	0,5625
12:50:57	4,35938	25,9406	25,375	21,5813	0,565625
12:51:55	4,375	25,9375	25,375	21,5625	0,5625
12:52:52	4,38125	25,9875	25,375	21,6063	0,6125
12:53:50	4,40313	26	25,375	21,5969	0,625
12:54:48	4,425	26	25,375	21,575	0,625
12:55:45	4,4375	26	25,375	21,5625	0,625
12:56:43	4,4375	26	25,375	21,5625	0,625
12:57:40	4,45625	26	25,375	21,5437	0,625
12:58:38	4,4875	26	25,375	21,5125	0,625
12:59:36	4,49688	26	25,375	21,5031	0,625
13:00:33	4,50312	26	25,375	21,4969	0,625
13:01:31	4,54375	26	25,3687	21,4563	0,63125
13:02:28	4,55938	26	25,3687	21,4406	0,63125
13:03:26	4,5625	26	25,3375	21,4375	0,6625
13:04:24	4,56562	26	25,325	21,4344	0,675
13:05:21	4,60313	26	25,325	21,3969	0,675
13:06:19	4,62188	26	25,3125	21,3781	0,6875
13:07:16	4,62812	26	25,3125	21,3719	0,6875
13:08:14	4,65625	26	25,3125	21,3438	0,6875
13:09:12	4,68125	26	25,3125	21,3188	0,6875
13:10:09	4,6875	26	25,3125	21,3125	0,6875
13:11:07	4,7	26	25,3125	21,3	0,6875
13:12:04	4,71875	25,9969	25,3125	21,2781	0,684375
13:13:02	4,75	25,975	25,3125	21,225	0,6625
13:14:00	4,75	25,9844	25,3125	21,2344	0,671875
13:14:57	4,76562	25,9937	25,3125	21,2281	0,68125
13:15:55	4,80625	25,9781	25,3125	21,1719	0,665625
13:16:52	4,8125	25,95	25,3125	21,1375	0,6375
13:17:50	4,81562	25,9375	25,3125	21,1219	0,625
13:18:48	4,85625	25,9375	25,2906	21,0813	0,646875
13:19:45	4,875	25,9375	25,2906	21,0625	0,646875
13:20:43	4,88125	25,9375	25,2625	21,0562	0,675
13:21:40	4,91875	25,9375	25,2531	21,0188	0,684375
13:22:38	4,9375	25,9375	25,25	21	0,6875
13:23:36	4,94688	25,9375	25,25	20,9906	0,6875
13:24:33	4,96875	25,9187	25,25	20,95	0,66875
13:25:31	5	25,9219	25,25	20,9219	0,671875
13:26:28	5	25,8938	25,25	20,8938	0,64375
13:27:26	5,02187	25,8781	25,25	20,8563	0,628125
13:28:24	5,05625	25,8844	25,25	20,8281	0,634375
13:29:21	5,0625	25,9	25,25	20,8375	0,65
13:30:19	5,09375	25,8938	25,25	20,8	0,64375
13:31:16	5,10625	25,875	25,25	20,7688	0,625
13:32:14	5,12188	25,875	25,25	20,7531	0,625
13:33:12	5,13438	25,875	25,25	20,7406	0,625
13:34:09	5,175	25,875	25,25	20,7	0,625
13:35:07	5,1875	25,875	25,2469	20,6875	0,628125
13:36:04	5,20312	25,875	25,2437	20,6719	0,63125
13:37:02	5,23125	25,875	25,2219	20,6438	0,653125
13:38:00	5,25312	25,8719	25,2156	20,6187	0,65625
13:38:57	5,26562	25,8562	25,1938	20,5906	0,6625
13:39:55	5,29063	25,8406	25,1875	20,55	0,653125
13:40:52	5,3125	25,8344	25,1875	20,5219	0,646875
13:41:50	5,33125	25,8375	25,1875	20,5062	0,65
13:42:48	5,35313	25,8156	25,1875	20,4625	0,628125
13:43:45	5,375	25,8125	25,1875	20,4375	0,625
13:44:43	5,38438	25,8125	25,1875	20,4281	0,625
13:45:40	5,42812	25,8125	25,1875	20,3844	0,625
13:46:38	5,4375	25,8125	25,1844	20,375	0,628125
13:47:36	5,45	25,7594	25,1875	20,3094	0,571875
13:48:33	5,48438	25,75	25,1687	20,2656	0,58125
13:49:31	5,5	25,75	25,1344	20,25	0,615625
13:50:28	5,525	25,75	25,125	20,225	0,625
13:51:26	5,55	25,75	25,125	20,2	0,625
13:52:24	5,5625	25,75	25,125	20,1875	0,625
13:53:21	5,58125	25,75	25,125	20,1687	0,625
13:54:19	5,6125	25,7188	25,125	20,1062	0,59375
13:55:16	5,625	25,6938	25,125	20,0688	0,56875
13:56:14	5,65	25,6906	25,1156	20,0406	0,575
13:57:12	5,6875	25,6875	25,1125	20	0,575
13:58:09	5,69062	25,6875	25,0938	19,9969	0,59375
13:59:07	5,71875	25,6875	25,0625	19,9688	0,625
14:00:04	5,75	25,6875	25,0625	19,9375	0,625
14:01:02	5,75312	25,6844	25,0625	19,9312	0,621875
14:02:00	5,79688	25,6469	25,0625	19,85	0,584375
14:02:57	5,8125	25,6313	25,0625	19,8188	0,56875
14:03:55	5,82188	25,6281	25,0625	19,8062	0,565625
14:04:52	5,86562	25,6281	25,0594	19,7625	0,56875
14:05:50	5,875	25,625	25,0469	19,75	0,578125
14:06:48	5,89375	25,625	25,025	19,7312	0,6
14:07:45	5,93125	25,625	25,0188	19,6938	0,60625
14:08:43	5,94062	25,6156	25	19,675	0,615625
14:09:40	5,975	25,625	25	19,65	0,625
14:10:38	5,99688	25,6125	25	19,6156	0,6125
14:11:36	6,00938	25,6062	25	19,5969	0,60625
14:12:33	6,03437	25,6031	25	19,5687	0,603125
14:13:31	6,0625	25,5875	25	19,525	0,5875
14:14:28	6,08125	25,5844	25	19,5031	0,584375
14:15:26	6,1	25,5656	25	19,4656	0,565625
14:16:24	6,125	25,575	24,9812	19,45	0,59375
14:17:21	6,14687	25,5656	24,9406	19,4188	0,625
14:18:19	6,18438	25,5688	24,9375	19,3844	0,63125
14:19:16	6,19062	25,5625	24,9375	19,3719	0,625
14:20:14	6,21563	25,5625	24,9375	19,3469	0,625
14:21:12	6,25	25,5625	24,9375	19,3125	0,625
14:22:09	6,25625	25,5625	24,9375	19,3062	0,625
14:23:07	6,29375	25,5625	24,9375	19,2688	0,625
14:24:04	6,3125	25,5594	24,9375	19,2469	0,621875
14:25:02	6,3375	25,55	24,9375	19,2125	0,6125
14:26:00	6,36875	25,5188	24,9375	19,15	0,58125
14:26:57	6,37812	25,5375	24,9312	19,1594	0,60625
14:27:55	6,41563	25,5594	24,9344	19,1437	0,625
14:28:52	6,43438	25,5625	24,9219	19,1281	0,640625
14:29:50	6,45	25,5625	24,8906	19,1125	0,671875
14:30:48	6,48125	25,5625	24,8844	19,0813	0,678125
14:31:45	6,5	25,5625	24,8781	19,0625	0,684375
14:32:43	6,525	25,5625	24,8781	19,0375	0,684375
14:33:40	6,5625	25,5625	24,875	19	0,6875
14:34:38	6,5625	25,5562	24,875	18,9937	0,68125
14:35:36	6,6	25,5562	24,875	18,9562	0,68125
14:36:33	6,625	25,5625	24,875	18,9375	0,6875
14:37:31	6,64062	25,5594	24,875	18,9187	0,684375
14:38:28	6,6875	25,5344	24,875	18,8469	0,659375
14:39:26	6,69062	25,525	24,875	18,8344	0,65
14:40:26	6,7	25,5531	24,875	18,8531	0,678125
14:41:24	6,74375	25,5594	24,875	18,8156	0,684375
14:42:22	6,75312	25,5625	24,875	18,8094	0,6875
14:43:19	6,8	25,5625	24,875	18,7625	0,6875
14:44:17	6,8125	25,5625	24,875	18,75	0,6875
14:45:14	6,825	25,5594	24,875	18,7344	0,684375
14:46:12	6,86562	25,5625	24,875	18,6969	0,6875
14:47:10	6,88125	25,5531	24,8625	18,6719	0,690625
14:48:07	6,90625	25,5531	24,8531	18,6469	0,7
14:49:05	6,93438	25,5625	24,8438	18,6281	0,71875
14:50:02	6,94375	25,5625	24,8219	18,6187	0,740625
14:51:00	6,99062	25,5437	24,8125	18,5531	0,73125
14:51:58	7	25,5156	24,8156	18,5156	0,7
14:52:55	7,03125	25,5312	24,8125	18,5	0,71875
14:53:53	7,05	25,5375	24,8125	18,4875	0,725
14:54:50	7,075	25,5562	24,8125	18,4812	0,74375
14:55:48	7,1	25,5469	24,8125	18,4469	0,734375
14:56:46	7,12812	25,5625	24,8125	18,4344	0,75
14:57:43	7,14375	25,5625	24,8125	18,4187	0,75
14:58:41	7,1875	25,5625	24,8125	18,375	0,75
14:59:38	7,19062	25,5625	24,8125	18,3719	0,75
15:00:36	7,21875	25,5625	24,8125	18,3438	0,75
15:01:34	7,25	25,5625	24,8125	18,3125	0,75
15:02:31	7,2625	25,5625	24,8125	18,3	0,75
15:03:29	7,29375	25,5625	24,8125	18,2688	0,75
15:04:26	7,3125	25,5625	24,8125	18,25	0,75
15:05:24	7,33437	25,5625	24,8125	18,2281	0,75
15:06:22	7,37188	25,5625	24,8125	18,1906	0,75
15:07:19	7,37812	25,5625	24,8094	18,1844	0,753125
15:08:17	7,425	25,5625	24,8062	18,1375	0,75625
15:09:14	7,4375	25,5625	24,8031	18,125	0,759375
15:10:12	7,4625	25,5625	24,7844	18,1	0,778125
15:11:10	7,5	25,5625	24,775	18,0625	0,7875
15:12:07	7,5	25,5625	24,7563	18,0625	0,80625
15:13:05	7,54063	25,5625	24,7531	18,0219	0,809375
15:14:02	7,5625	25,5625	24,75	18	0,8125
15:15:00	7,5875	25,5625	24,75	17,975	0,8125
15:15:58	7,60938	25,5625	24,75	17,9531	0,8125
15:16:55	7,62812	25,5625	24,75	17,9344	0,8125
15:17:53	7,65313	25,5625	24,75	17,9094	0,8125
15:18:50	7,6875	25,5625	24,75	17,875	0,8125
15:19:48	7,69688	25,5625	24,75	17,8656	0,8125
15:20:46	7,725	25,5625	24,75	17,8375	0,8125
15:21:43	7,75312	25,5625	24,75	17,8094	0,8125
15:22:41	7,77813	25,5625	24,75	17,7844	0,8125
15:23:38	7,80625	25,5625	24,75	17,7563	0,8125
15:24:36	7,81875	25,5625	24,75	17,7437	0,8125
15:25:34	7,84375	25,5625	24,75	17,7188	0,8125
15:26:31	7,875	25,5656	24,75	17,6906	0,815625
15:27:29	7,8875	25,5875	24,75	17,7	0,8375
15:28:26	7,93125	25,5781	24,75	17,6469	0,828125
15:29:24	7,9375	25,5781	24,75	17,6406	0,828125
15:30:22	7,9625	25,5688	24,75	17,6063	0,81875
15:31:19	7,99688	25,5719	24,75	17,575	0,821875
15:32:17	8,00938	25,5625	24,75	17,5531	0,8125
15:33:14	8,0375	25,5719	24,75	17,5344	0,821875
15:34:12	8,0625	25,5625	24,75	17,5	0,8125
15:35:10	8,0875	25,575	24,75	17,4875	0,825
15:36:07	8,11562	25,5781	24,7469	17,4625	0,83125
15:37:05	8,12813	25,5813	24,7437	17,4531	0,8375
15:38:02	8,16563	25,5844	24,7312	17,4188	0,853125
15:39:00	8,1875	25,5656	24,7281	17,3781	0,8375
15:39:58	8,20312	25,5656	24,7125	17,3625	0,853125
15:40:55	8,225	25,5625	24,7063	17,3375	0,85625
15:41:53	8,25	25,5656	24,6969	17,3156	0,86875
15:42:50	8,26562	25,5813	24,6906	17,3156	0,890625
15:43:48	8,30937	25,5875	24,6938	17,2781	0,89375
15:44:46	8,3125	25,5844	24,6875	17,2719	0,896875
15:45:43	8,3625	25,5938	24,6875	17,2312	0,90625
15:46:41	8,37187	25,5969	24,6875	17,225	0,909375
15:47:38	8,39375	25,5844	24,6875	17,1906	0,896875
15:48:36	8,43437	25,5688	24,6875	17,1344	0,88125
15:49:34	8,4375	25,5656	24,6875	17,1281	0,878125
15:50:31	8,475	25,5813	24,6875	17,1063	0,89375
15:51:29	8,49687	25,5781	24,6875	17,0813	0,890625
15:52:26	8,50938	25,5781	24,6875	17,0688	0,890625
15:53:24	8,5375	25,5688	24,6875	17,0312	0,88125
15:54:22	8,5625	25,5656	24,6875	17,0031	0,878125
15:55:19	8,59062	25,5688	24,6875	16,9781	0,88125
15:56:17	8,6125	25,5625	24,6875	16,95	0,875
15:57:14	8,625	25,5656	24,6875	16,9406	0,878125
15:58:12	8,6625	25,5625	24,6875	16,9	0,875
15:59:10	8,68437	25,5656	24,6875	16,8813	0,878125
16:00:07	8,69375	25,575	24,6875	16,8813	0,8875
16:01:05	8,73438	25,5625	24,6875	16,8281	0,875
16:02:02	8,75	25,5625	24,6875	16,8125	0,875
16:03:00	8,75938	25,5625	24,6875	16,8031	0,875
16:03:58	8,80937	25,5625	24,6875	16,7531	0,875
16:04:55	8,81563	25,5625	24,6875	16,7469	0,875
16:05:53	8,8375	25,5625	24,6875	16,725	0,875
16:06:50	8,87187	25,5625	24,6875	16,6906	0,875
16:07:48	8,8875	25,5625	24,6875	16,675	0,875
16:08:46	8,925	25,5625	24,6875	16,6375	0,875
16:09:43	8,9375	25,5625	24,6875	16,625	0,875
16:10:41	8,95937	25,5625	24,6781	16,6031	0,884375
16:11:38	8,99375	25,5625	24,625	16,5688	0,9375
16:12:36	9	25,5625	24,6438	16,5625	0,91875
16:13:34	9,0375	25,5625	24,6375	16,525	0,925
16:14:31	9,0625	25,5625	24,6313	16,5	0,93125
16:15:29	9,06563	25,5625	24,6375	16,4969	0,925
16:16:26	9,10938	25,5625	24,6281	16,4531	0,934375
16:17:24	9,125	25,5625	24,625	16,4375	0,9375
16:18:22	9,14687	25,5625	24,625	16,4156	0,9375
16:19:19	9,18125	25,5625	24,625	16,3813	0,9375
16:20:17	9,1875	25,5625	24,625	16,375	0,9375
16:21:14	9,21875	25,5625	24,625	16,3438	0,9375
16:22:12	9,24687	25,5625	24,625	16,3156	0,9375
16:23:10	9,25	25,5531	24,625	16,3031	0,928125
16:24:07	9,29688	25,5188	24,625	16,2219	0,89375
16:25:05	9,30937	25,5156	24,625	16,2063	0,890625
16:26:02	9,32188	25,5	24,625	16,1781	0,875
16:27:00	9,35625	25,5	24,625	16,1438	0,875
16:27:58	9,375	25,5	24,625	16,125	0,875
16:28:55	9,3875	25,5	24,625	16,1125	0,875
16:29:53	9,4375	25,5	24,6219	16,0625	0,878125
16:30:50	9,44375	25,5	24,625	16,0562	0,875
16:31:48	9,475	25,5	24,6187	16,025	0,88125
16:32:46	9,49687	25,5	24,625	16,0031	0,875
16:33:43	9,50625	25,5	24,625	15,9938	0,875
16:34:41	9,5375	25,5	24,6187	15,9625	0,88125
16:35:38	9,5625	25,5	24,6156	15,9375	0,884375
16:36:36	9,575	25,5	24,6	15,925	0,9
16:37:34	9,6125	25,5	24,5906	15,8875	0,909375
16:38:31	9,62813	25,5	24,5625	15,8719	0,9375
16:39:29	9,65938	25,5	24,5781	15,8406	0,921875
16:40:26	9,68125	25,4937	24,5656	15,8125	0,928125
16:41:24	9,69063	25,5	24,5656	15,8094	0,934375
16:42:22	9,70937	25,4781	24,5625	15,7687	0,915625
16:43:19	9,74687	25,45	24,5625	15,7031	0,8875
16:44:17	9,75313	25,4375	24,5625	15,6844	0,875
16:45:14	9,7875	25,4375	24,5625	15,65	0,875
16:46:12	9,8125	25,4375	24,5625	15,625	0,875
16:47:10	9,81875	25,4375	24,5625	15,6188	0,875
16:48:13	9,85938	25,4375	24,5625	15,5781	0,875
16:49:11	9,875	25,4375	24,5625	15,5625	0,875
16:50:08	9,89687	25,4375	24,5625	15,5406	0,875
16:51:06	9,9375	25,425	24,5625	15,4875	0,8625
16:52:03	9,94063	25,4375	24,5625	15,4969	0,875
16:53:01	9,95937	25,4375	24,5625	15,4781	0,875
16:53:59	9,99687	25,4344	24,5625	15,4375	0,871875
16:54:56	10,0062	25,4281	24,5625	15,4219	0,865625
16:55:54	10,025	25,4156	24,5594	15,3906	0,85625
16:56:51	10,0531	25,3969	24,5531	15,3438	0,84375
16:57:49	10,0687	25,3781	24,5469	15,3094	0,83125
16:58:47	10,1125	25,375	24,5281	15,2625	0,846875
16:59:44	10,1219	25,3625	24,5	15,2406	0,8625
17:00:42	10,1281	25,3719	24,5	15,2437	0,871875
17:01:39	10,1687	25,3656	24,5	15,1969	0,865625
17:02:37	10,1875	25,3719	24,5	15,1844	0,871875
17:03:35	10,1906	25,3594	24,5	15,1687	0,859375
17:04:32	10,2312	25,3375	24,5	15,1062	0,8375
17:05:30	10,25	25,3125	24,5	15,0625	0,8125
17:06:27	10,2625	25,3125	24,5	15,05	0,8125
17:07:25	10,3063	25,3125	24,5	15,0062	0,8125
17:08:23	10,3125	25,3125	24,5	15	0,8125
17:09:20	10,3375	25,3125	24,5	14,975	0,8125
17:10:18	10,3656	25,3125	24,5	14,9469	0,8125
17:11:15	10,3781	25,3125	24,5	14,9344	0,8125
17:12:13	10,3938	25,3125	24,4937	14,9187	0,81875
17:13:11	10,4344	25,3094	24,4906	14,875	0,81875
17:14:08	10,4375	25,2719	24,4563	14,8344	0,815625
17:15:06	10,4781	25,2594	24,4375	14,7812	0,821875
17:16:03	10,5	25,2625	24,4406	14,7625	0,821875
17:17:01	10,5	25,2719	24,4375	14,7719	0,834375
17:17:59	10,5312	25,2563	24,4375	14,725	0,81875
17:18:56	10,5625	25,25	24,4375	14,6875	0,8125
17:19:54	10,5687	25,25	24,4375	14,6813	0,8125
17:20:51	10,5969	25,25	24,4375	14,6531	0,8125
17:21:49	10,625	25,25	24,4375	14,625	0,8125
17:22:47	10,6375	25,25	24,4375	14,6125	0,8125
17:23:44	10,675	25,25	24,4375	14,575	0,8125
17:24:42	10,6813	25,25	24,4375	14,5687	0,8125
17:25:39	10,6875	25,25	24,4375	14,5625	0,8125
17:26:37	10,7219	25,25	24,4375	14,5281	0,8125
17:27:35	10,7406	25,25	24,4375	14,5094	0,8125
17:28:32	10,7562	25,25	24,4344	14,4938	0,815625
17:29:30	10,7781	25,2469	24,4375	14,4688	0,809375
17:30:27	10,8125	25,25	24,4281	14,4375	0,821875
17:31:25	10,8187	25,25	24,4125	14,4313	0,8375
17:32:23	10,8531	25,25	24,375	14,3969	0,875
17:33:20	10,875	25,2469	24,3906	14,3719	0,85625
17:34:18	10,8875	25,2094	24,3813	14,3219	0,828125
17:35:15	10,925	25,2031	24,375	14,2781	0,828125
17:36:13	10,9375	25,2188	24,375	14,2812	0,84375
17:37:11	10,9375	25,2156	24,375	14,2781	0,840625
17:38:08	10,975	25,1969	24,375	14,2219	0,821875
17:39:06	11	25,1938	24,375	14,1938	0,81875
17:40:03	11,0094	25,1875	24,375	14,1781	0,8125
17:41:01	11,0406	25,1875	24,375	14,1469	0,8125
17:41:59	11,0625	25,1875	24,375	14,125	0,8125
17:42:56	11,0719	25,1875	24,375	14,1156	0,8125
17:43:54	11,1031	25,1875	24,375	14,0844	0,8125
17:44:51	11,1219	25,1875	24,375	14,0656	0,8125
17:45:49	11,1344	25,1875	24,375	14,0531	0,8125
17:46:47	11,1656	25,1875	24,375	14,0219	0,8125
17:47:44	11,1844	25,1875	24,3719	14,0031	0,815625
17:48:42	11,1875	25,1875	24,3531	14	0,834375
17:49:39	11,2219	25,1875	24,3531	13,9656	0,834375
17:50:37	11,25	25,1875	24,3469	13,9375	0,840625
17:51:35	11,2562	25,1781	24,3156	13,9219	0,8625
17:52:32	11,2812	25,1875	24,3156	13,9062	0,871875
17:53:30	11,3125	25,1844	24,3125	13,8719	0,871875
17:54:27	11,3156	25,1781	24,3125	13,8625	0,865625
17:55:25	11,3406	25,1844	24,3125	13,8438	0,871875
17:56:23	11,3719	25,1531	24,3125	13,7812	0,840625
17:57:20	11,3812	25,1313	24,3125	13,75	0,81875
17:58:18	11,4094	25,15	24,3125	13,7406	0,8375
17:59:15	11,4344	25,1313	24,3125	13,6969	0,81875
18:00:13	11,4375	25,1469	24,3125	13,7094	0,834375
18:01:11	11,4594	25,1281	24,3125	13,6688	0,815625
18:02:08	11,4938	25,125	24,3125	13,6312	0,8125
18:03:06	11,5031	25,125	24,3125	13,6219	0,8125
18:04:03	11,5219	25,125	24,3125	13,6031	0,8125
18:05:01	11,5625	25,125	24,3125	13,5625	0,8125
18:05:59	11,5625	25,125	24,3125	13,5625	0,8125
18:06:56	11,5844	25,125	24,3094	13,5406	0,815625
18:07:54	11,6219	25,125	24,3062	13,5031	0,81875
18:08:51	11,6219	25,125	24,2781	13,5031	0,846875
18:09:49	11,6406	25,125	24,2531	13,4844	0,871875
18:10:47	11,675	25,125	24,25	13,45	0,875
18:11:44	11,6875	25,125	24,25	13,4375	0,875
18:12:42	11,6937	25,125	24,25	13,4313	0,875
18:13:39	11,7344	25,1219	24,25	13,3875	0,871875
18:14:37	11,7469	25,1219	24,25	13,375	0,871875
18:15:35	11,75	25,1219	24,25	13,3719	0,871875
18:16:32	11,7875	25,1125	24,25	13,325	0,8625
18:17:30	11,8094	25,0844	24,25	13,275	0,834375
18:18:27	11,8156	25,0625	24,25	13,2469	0,8125
18:19:25	11,85	25,0625	24,25	13,2125	0,8125
18:20:23	11,8688	25,0656	24,25	13,1969	0,815625
18:21:23	11,875	25,0625	24,25	13,1875	0,8125
18:22:21	11,9094	25,0625	24,2469	13,1531	0,815625
18:23:18	11,9187	25,0625	24,2344	13,1438	0,828125
18:24:16	11,9375	25,0625	24,2219	13,125	0,840625
18:25:13	11,95	25,0625	24,1969	13,1125	0,865625
18:26:11	11,9875	25,0625	24,1969	13,075	0,865625
18:27:09	12	25,0625	24,1938	13,0625	0,86875
18:28:06	12,0062	25,0625	24,1906	13,0563	0,871875
18:29:04	12,0312	25,0625	24,1875	13,0312	0,875
18:30:01	12,0625	25,0594	24,1875	12,9969	0,871875
18:30:59	12,0625	25,0312	24,1875	12,9688	0,84375
18:31:57	12,0875	25,0156	24,1875	12,9281	0,828125
18:32:54	12,1188	25,0188	24,1875	12,9	0,83125
18:33:52	12,1281	25,0156	24,1875	12,8875	0,828125
18:34:49	12,1375	25,0188	24,1875	12,8813	0,83125
18:35:47	12,1813	25	24,1875	12,8187	0,8125
18:36:45	12,1875	25	24,1875	12,8125	0,8125
18:37:42	12,2094	25	24,1875	12,7906	0,8125
18:38:40	12,2344	25	24,1812	12,7656	0,81875
18:39:37	12,25	25	24,1687	12,75	0,83125
18:40:35	12,2562	25	24,1594	12,7438	0,840625
18:41:33	12,2844	25	24,1625	12,7156	0,8375
18:42:30	12,3094	25	24,1375	12,6906	0,8625
18:43:28	12,3219	25	24,1313	12,6781	0,86875
18:44:25	12,3344	25	24,125	12,6656	0,875
18:45:23	12,3656	25	24,125	12,6344	0,875
18:46:21	12,375	25	24,125	12,625	0,875
18:47:18	12,3812	25	24,125	12,6188	0,875
18:48:16	12,4313	25	24,125	12,5687	0,875
18:49:13	12,4375	24,9906	24,125	12,5531	0,865625
18:50:11	12,4437	24,9812	24,125	12,5375	0,85625
18:51:09	12,4688	24,9875	24,125	12,5188	0,8625
18:52:06	12,4938	24,9906	24,125	12,4969	0,865625
18:53:04	12,5	24,9937	24,125	12,4937	0,86875
18:54:01	12,5281	25	24,125	12,4719	0,875
18:54:59	12,5531	25	24,125	12,4469	0,875
18:55:57	12,5625	24,9625	24,125	12,4	0,8375
18:56:54	12,5687	24,9375	24,125	12,3688	0,8125
18:57:52	12,5969	24,9375	24,125	12,3406	0,8125
18:58:49	12,625	24,9375	24,1125	12,3125	0,825
18:59:47	12,6281	24,9375	24,0844	12,3094	0,853125
19:00:45	12,6562	24,9375	24,075	12,2812	0,8625
19:01:42	12,675	24,9375	24,0688	12,2625	0,86875
19:02:40	12,6844	24,9406	24,0688	12,2563	0,871875
19:03:37	12,7031	24,9375	24,0625	12,2344	0,875
19:04:35	12,7312	24,9375	24,0625	12,2063	0,875
19:05:33	12,75	24,9375	24,0625	12,1875	0,875
19:06:30	12,7531	24,9375	24,0625	12,1844	0,875
19:07:28	12,7812	24,9375	24,0625	12,1562	0,875
19:08:25	12,8063	24,9375	24,0625	12,1312	0,875
19:09:23	12,8156	24,9375	24,0625	12,1219	0,875
19:10:21	12,8313	24,9375	24,0625	12,1062	0,875
19:11:18	12,8625	24,9375	24,0625	12,075	0,875
19:12:16	12,875	24,9375	24,0625	12,0625	0,875
19:13:13	12,8781	24,9375	24,0625	12,0594	0,875
19:14:11	12,9125	24,9406	24,0625	12,0281	0,878125
19:15:09	12,9375	24,9625	24,0625	12,025	0,9
19:16:06	12,9406	24,95	24,0625	12,0094	0,8875
19:17:04	12,9469	24,9406	24,0625	11,9938	0,878125
19:18:01	12,9875	24,9375	24,0625	11,95	0,875
19:18:59	13	24,9375	24,0625	11,9375	0,875
19:19:57	13,0031	24,9375	24,0625	11,9344	0,875
19:20:54	13,0312	24,9375	24,0625	11,9062	0,875
19:21:52	13,0594	24,9375	24,0625	11,8781	0,875
19:22:49	13,0625	24,9375	24,0562	11,875	0,88125
19:23:47	13,0719	24,9375	24,0531	11,8656	0,884375
19:24:45	13,1156	24,9375	24,0562	11,8219	0,88125
19:25:42	13,125	24,9375	24,0469	11,8125	0,890625
19:26:40	13,1312	24,9375	24,0437	11,8063	0,89375
19:27:37	13,1594	24,9375	24,0437	11,7781	0,89375
19:28:35	13,1844	24,9375	24,025	11,7531	0,9125
19:29:33	13,1875	24,9375	24,0094	11,75	0,928125
19:30:30	13,1969	24,9375	24,0094	11,7406	0,928125
19:31:28	13,2312	24,9375	24,0031	11,7063	0,934375
19:32:25	13,25	24,9375	24,0031	11,6875	0,934375
19:33:23	13,2531	24,9375	24,0063	11,6844	0,93125
19:34:21	13,2625	24,9375	24	11,675	0,9375
19:35:18	13,3125	24,9375	24	11,625	0,9375
19:36:16	13,3125	24,9375	24	11,625	0,9375
19:37:13	13,3281	24,9375	24	11,6094	0,9375
19:38:11	13,35	24,9375	24	11,5875	0,9375
19:39:09	13,375	24,9219	24	11,5469	0,921875
19:40:06	13,375	24,9344	24	11,5594	0,934375
19:41:04	13,3812	24,8844	24	11,5031	0,884375
19:42:01	13,4219	24,9	24	11,4781	0,9
19:42:59	13,4375	24,9031	24	11,4656	0,903125
19:43:57	13,4406	24,9312	24	11,4906	0,93125
19:44:54	13,4594	24,9125	24	11,4531	0,9125
19:45:52	13,4875	24,9187	24	11,4312	0,91875
19:46:49	13,5	24,8969	24	11,3969	0,896875
19:47:47	13,5	24,875	24	11,375	0,875
19:48:45	13,5312	24,875	24	11,3438	0,875
19:49:42	13,5625	24,875	23,9937	11,3125	0,88125
19:50:40	13,5625	24,875	23,9812	11,3125	0,89375
19:51:37	13,5687	24,875	24	11,3063	0,875
19:52:35	13,6031	24,875	23,975	11,2719	0,9
19:53:33	13,625	24,875	23,9594	11,25	0,915625
19:54:30	13,625	24,875	23,95	11,25	0,925
19:55:28	13,6375	24,8719	23,9375	11,2344	0,934375
19:56:25	13,6781	24,8438	23,9375	11,1656	0,90625
19:57:23	13,6875	24,8438	23,9375	11,1562	0,90625
19:58:21	13,6906	24,8656	23,9375	11,175	0,928125
19:59:18	13,7063	24,8188	23,9375	11,1125	0,88125
20:00:16	13,7438	24,8188	23,9375	11,075	0,88125
20:01:13	13,75	24,8375	23,9375	11,0875	0,9
20:02:11	13,7625	24,8656	23,9375	11,1031	0,928125
20:03:09	13,7875	24,8719	23,9375	11,0844	0,934375
20:04:06	13,8031	24,8656	23,9375	11,0625	0,928125
20:05:04	13,8125	24,8531	23,9375	11,0406	0,915625
20:06:01	13,825	24,8188	23,9375	10,9938	0,88125
20:06:59	13,85	24,8125	23,9375	10,9625	0,875
20:07:57	13,8719	24,8125	23,9375	10,9406	0,875
20:08:54	13,875	24,8125	23,9375	10,9375	0,875
20:09:52	13,8875	24,8125	23,9312	10,925	0,88125
20:10:49	13,9187	24,8125	23,9094	10,8938	0,903125
20:11:47	13,9375	24,8125	23,9094	10,875	0,903125
20:12:45	13,9375	24,8125	23,8844	10,875	0,928125
20:13:42	13,9437	24,8125	23,8813	10,8688	0,93125
20:14:40	13,9844	24,8125	23,8813	10,8281	0,93125
20:15:37	13,9969	24,8125	23,875	10,8156	0,9375
20:16:35	14,0031	24,8125	23,875	10,8094	0,9375
20:17:33	14,0156	24,7937	23,875	10,7781	0,91875
20:18:30	14,05	24,7875	23,875	10,7375	0,9125
20:19:28	14,0594	24,7719	23,875	10,7125	0,896875
20:20:25	14,0625	24,75	23,875	10,6875	0,875
20:21:23	14,0875	24,7688	23,875	10,6813	0,89375
20:22:21	14,1	24,7688	23,875	10,6688	0,89375
20:23:18	14,1219	24,7719	23,875	10,65	0,896875
20:24:16	14,125	24,7844	23,875	10,6594	0,909375
20:25:13	14,1438	24,7906	23,875	10,6469	0,915625
20:26:11	14,1781	24,7625	23,875	10,5844	0,8875
20:27:09	14,1875	24,775	23,8719	10,5875	0,903125
20:28:06	14,1875	24,7781	23,8625	10,5906	0,915625
20:29:04	14,2031	24,7563	23,8531	10,5531	0,903125
20:30:01	14,2344	24,7594	23,8313	10,525	0,928125
20:30:59	14,25	24,7531	23,8219	10,5031	0,93125
20:31:57	14,25	24,75	23,8281	10,5	0,921875
20:32:54	14,2625	24,75	23,8125	10,4875	0,9375
20:33:52	14,3063	24,75	23,8156	10,4437	0,934375
20:34:49	14,3094	24,75	23,8156	10,4406	0,934375
20:35:47	14,3125	24,75	23,8125	10,4375	0,9375
20:36:45	14,3219	24,75	23,8125	10,4281	0,9375
20:37:42	14,35	24,75	23,8125	10,4	0,9375
20:38:40	14,375	24,75	23,8125	10,375	0,9375
20:39:37	14,3781	24,75	23,8125	10,3719	0,9375
20:40:35	14,4	24,75	23,8125	10,35	0,9375
20:41:33	14,4219	24,75	23,8125	10,3281	0,9375
20:42:30	14,4375	24,75	23,8125	10,3125	0,9375
20:43:28	14,4375	24,75	23,8125	10,3125	0,9375
20:44:25	14,4531	24,75	23,8125	10,2969	0,9375
20:45:23	14,4781	24,75	23,8125	10,2719	0,9375
20:46:21	14,4969	24,75	23,8125	10,2531	0,9375
20:47:18	14,5	24,75	23,8125	10,25	0,9375
20:48:16	14,5094	24,75	23,8125	10,2406	0,9375
20:49:13	14,5375	24,75	23,8125	10,2125	0,9375
20:50:11	14,5625	24,75	23,8125	10,1875	0,9375
20:51:09	14,5625	24,7469	23,8125	10,1844	0,934375
20:52:06	14,575	24,75	23,775	10,175	0,975
20:53:07	14,5969	24,75	23,7781	10,1531	0,971875
20:54:04	14,6156	24,75	23,7812	10,1344	0,96875
20:55:02	14,625	24,75	23,7594	10,125	0,990625
20:56:00	14,6281	24,7	23,7563	10,0719	0,94375
20:56:57	14,6562	24,6875	23,75	10,0312	0,9375
20:57:55	14,6813	24,6875	23,75	10,0062	0,9375
20:58:52	14,6875	24,6969	23,75	10,0094	0,946875
20:59:50	14,6937	24,6938	23,75	10	0,94375
21:00:48	14,6969	24,7125	23,75	10,0156	0,9625
21:01:45	14,7469	24,7	23,75	9,95312	0,95
21:02:43	14,75	24,7	23,75	9,95	0,95
21:03:40	14,75	24,7	23,75	9,95	0,95
21:04:38	14,7719	24,6969	23,75	9,925	0,946875
21:05:36	14,7937	24,6906	23,75	9,89688	0,940625
21:06:33	14,8125	24,6875	23,75	9,875	0,9375
21:07:31	14,8125	24,6875	23,7437	9,875	0,94375
21:08:28	14,8156	24,6875	23,7344	9,87187	0,953125
21:09:26	14,8469	24,6875	23,7125	9,84062	0,975
21:10:24	14,8656	24,6875	23,7094	9,82188	0,978125
21:11:21	14,8719	24,6875	23,6875	9,81563	1
21:12:19	14,8781	24,6875	23,6875	9,80937	1
21:13:16	14,9062	24,6875	23,6875	9,78125	1
21:14:14	14,925	24,6875	23,6875	9,7625	1
21:15:12	14,9375	24,6875	23,6875	9,75	1
21:16:09	14,9375	24,6812	23,6875	9,74375	0,99375
21:17:07	14,95	24,6875	23,6875	9,7375	1
21:18:04	14,9906	24,6812	23,6875	9,69062	0,99375
21:19:02	15	24,6812	23,6875	9,68125	0,99375
21:20:00	15	24,6625	23,6875	9,6625	0,975
21:20:57	15,0062	24,6344	23,6875	9,62812	0,946875
21:21:55	15,0406	24,6781	23,6875	9,6375	0,990625
21:22:52	15,0594	24,6406	23,6875	9,58125	0,953125
21:23:50	15,0656	24,6562	23,6875	9,59062	0,96875
21:24:48	15,0625	24,6469	23,6875	9,58438	0,959375
21:25:45	15,0813	24,625	23,6875	9,54375	0,9375
21:26:43	15,1094	24,6469	23,6875	9,5375	0,959375
21:27:40	15,125	24,6562	23,6875	9,53125	0,96875
21:28:38	15,125	24,6281	23,6875	9,50313	0,940625
21:29:36	15,1344	24,625	23,6781	9,49062	0,946875
21:30:33	15,1625	24,625	23,6625	9,4625	0,9625
21:31:31	15,1844	24,625	23,6594	9,44063	0,965625
21:32:28	15,1875	24,625	23,6438	9,4375	0,98125
21:33:26	15,1937	24,625	23,6562	9,43125	0,96875
21:34:24	15,2188	24,625	23,6375	9,40625	0,9875
21:35:21	15,2375	24,625	23,6344	9,3875	0,990625
21:36:19	15,25	24,625	23,625	9,375	1
21:37:16	15,2562	24,625	23,6375	9,36875	0,9875
21:38:14	15,2594	24,625	23,6281	9,36562	0,996875
21:39:12	15,2937	24,625	23,625	9,33125	1
21:40:09	15,3094	24,625	23,625	9,31563	1
21:41:07	15,3125	24,625	23,625	9,3125	1
21:42:04	15,3125	24,625	23,625	9,3125	1
21:43:02	15,3313	24,625	23,625	9,29375	1
21:44:00	15,3562	24,625	23,625	9,26875	1
21:44:57	15,3688	24,625	23,625	9,25625	1
21:45:55	15,3781	24,625	23,625	9,24687	1
21:46:52	15,3844	24,625	23,625	9,24062	1
21:47:50	15,4031	24,625	23,625	9,22188	1
21:48:48	15,4344	24,625	23,625	9,19063	1
21:49:48	15,4344	24,625	23,625	9,19063	1
21:50:46	15,4375	24,625	23,625	9,1875	1
21:51:43	15,4531	24,625	23,625	9,17188	1
21:52:41	15,4781	24,625	23,625	9,14687	1
21:53:38	15,4969	24,625	23,625	9,12813	1
21:54:36	15,5	24,625	23,625	9,125	1
21:55:34	15,5062	24,625	23,625	9,11875	1
21:56:31	15,5281	24,625	23,625	9,09688	1
21:57:29	15,5594	24,625	23,625	9,06563	1
21:58:26	15,5625	24,625	23,625	9,0625	1
21:59:24	15,5625	24,625	23,625	9,0625	1
22:00:22	15,5656	24,625	23,6187	9,05937	1,00625
22:01:19	15,5969	24,625	23,625	9,02812	1
22:02:17	15,6094	24,625	23,6187	9,01562	1,00625
22:03:14	15,625	24,625	23,6156	9	1,00937
22:04:12	15,625	24,625	23,6	9	1,025
22:05:10	15,6312	24,625	23,5969	8,99375	1,02812
22:06:07	15,675	24,625	23,5844	8,95	1,04062
22:07:05	15,6875	24,625	23,5719	8,9375	1,05313
22:08:02	15,6875	24,625	23,5625	8,9375	1,0625
22:09:00	15,6937	24,625	23,5656	8,93125	1,05937
22:09:58	15,7063	24,625	23,5656	8,91875	1,05937
22:10:55	15,7344	24,625	23,5688	8,89062	1,05625
22:11:53	15,7438	24,625	23,5625	8,88125	1,0625
22:12:50	15,75	24,625	23,5625	8,875	1,0625
22:13:48	15,7656	24,625	23,5625	8,85938	1,0625
22:14:46	15,7781	24,625	23,5625	8,84688	1,0625
22:15:43	15,8063	24,625	23,5625	8,81875	1,0625
22:16:41	15,8063	24,625	23,5625	8,81875	1,0625
22:17:38	15,8125	24,625	23,5625	8,8125	1,0625
22:18:36	15,8187	24,625	23,5625	8,80625	1,0625
22:19:34	15,8438	24,6313	23,5625	8,7875	1,06875
22:20:31	15,8688	24,625	23,5625	8,75625	1,0625
22:21:29	15,875	24,625	23,5625	8,75	1,0625
22:22:26	15,875	24,625	23,5625	8,75	1,0625
22:23:24	15,8875	24,6406	23,5625	8,75313	1,07812
22:24:22	15,9125	24,6687	23,5625	8,75625	1,10625
22:25:19	15,9313	24,65	23,5625	8,71875	1,0875
22:26:17	15,9344	24,6313	23,5625	8,69688	1,06875
22:27:14	15,9375	24,6344	23,5625	8,69687	1,07187
22:28:12	15,9594	24,6562	23,5625	8,69688	1,09375
22:29:10	15,9812	24,6594	23,5625	8,67813	1,09688
22:30:07	15,9906	24,6469	23,5625	8,65625	1,08438
22:31:05	16	24,6531	23,5625	8,65312	1,09062
22:32:02	16	24,6625	23,5625	8,6625	1,1
22:33:00	16,0063	24,6781	23,5625	8,67188	1,11563
22:33:58	16,0437	24,6844	23,5625	8,64062	1,12187
22:34:55	16,0594	24,6875	23,5625	8,62813	1,125
22:35:53	16,0625	24,6875	23,5625	8,625	1,125
22:36:50	16,0656	24,6625	23,5625	8,59688	1,1
22:37:48	16,0719	24,6375	23,5625	8,56563	1,075
22:38:46	16,1	24,6469	23,5625	8,54688	1,08438
22:39:43	16,1187	24,6687	23,5625	8,55	1,10625
22:40:41	16,125	24,675	23,5625	8,55	1,1125
22:41:38	16,125	24,6719	23,5625	8,54688	1,10938
22:42:36	16,1313	24,6406	23,5625	8,50937	1,07812
22:43:34	16,1594	24,6313	23,5625	8,47188	1,06875
22:44:31	16,1781	24,6406	23,5625	8,4625	1,07812
22:45:29	16,1875	24,6406	23,5625	8,45312	1,07812
22:46:26	16,1906	24,6562	23,5625	8,46562	1,09375
22:47:24	16,2	24,675	23,5625	8,475	1,1125
22:48:22	16,225	24,6344	23,5625	8,40937	1,07187
22:49:19	16,2469	24,625	23,5625	8,37813	1,0625
22:50:17	16,25	24,6281	23,5625	8,37813	1,06563
22:51:14	16,25	24,625	23,5625	8,375	1,0625
22:52:12	16,2625	24,625	23,5625	8,3625	1,0625
22:53:10	16,2812	24,625	23,5625	8,34375	1,0625
22:54:07	16,3031	24,625	23,5625	8,32187	1,0625
22:55:05	16,3125	24,625	23,5625	8,3125	1,0625
22:56:02	16,3125	24,6281	23,5625	8,31563	1,06563
22:57:00	16,3219	24,6281	23,5625	8,30625	1,06563
22:57:58	16,35	24,625	23,5625	8,275	1,0625
22:58:55	16,3656	24,625	23,5625	8,25937	1,0625
22:59:53	16,375	24,625	23,5625	8,25	1,0625
23:00:50	16,3781	24,625	23,5625	8,24687	1,0625
23:01:48	16,3781	24,625	23,5437	8,24687	1,08125
23:02:46	16,3906	24,625	23,5437	8,23438	1,08125
23:03:43	16,4156	24,625	23,5437	8,20938	1,08125
23:04:41	16,4344	24,625	23,5469	8,19063	1,07812
23:05:38	16,4375	24,625	23,5375	8,1875	1,0875
23:06:36	16,4375	24,625	23,5406	8,1875	1,08438
23:07:34	16,45	24,625	23,5469	8,175	1,07812
23:08:31	16,4781	24,625	23,5469	8,14688	1,07812
23:09:29	16,4906	24,625	23,5594	8,13437	1,06563
23:10:26	16,5	24,625	23,55	8,125	1,075
23:11:24	16,5031	24,625	23,5562	8,12187	1,06875
23:12:22	16,5125	24,625	23,5375	8,1125	1,0875
23:13:19	16,525	24,625	23,5344	8,1	1,09062
23:14:17	16,5625	24,625	23,525	8,0625	1,1
23:15:14	16,5594	24,625	23,5188	8,06563	1,10625
23:16:12	16,5625	24,625	23,5125	8,0625	1,1125
23:17:10	16,5656	24,6125	23,5031	8,04688	1,10938
23:18:07	16,5844	24,6031	23,5031	8,01875	1,1
23:19:05	16,6	24,625	23,5	8,025	1,125
23:20:02	16,625	24,6062	23,5031	7,98125	1,10312
23:21:00	16,625	24,6062	23,5063	7,98125	1,1
23:21:58	16,625	24,5969	23,5	7,97188	1,09688
23:22:55	16,6469	24,5781	23,5	7,93125	1,07812
23:23:53	16,6594	24,5781	23,5	7,91875	1,07812
23:24:50	16,6812	24,6031	23,5	7,92188	1,10312
23:25:48	16,6875	24,6	23,5	7,9125	1,1
23:26:46	16,6906	24,6031	23,5031	7,9125	1,1
23:27:43	16,7	24,6	23,5	7,9	1,1
23:28:41	16,7094	24,5813	23,5	7,87187	1,08125
23:29:38	16,7344	24,575	23,5	7,84062	1,075
23:30:36	16,7437	24,575	23,5	7,83125	1,075
23:31:34	16,75	24,5875	23,5	7,8375	1,0875
23:32:31	16,75	24,5656	23,5	7,81563	1,06563
23:33:29	16,7594	24,5625	23,5	7,80313	1,0625
23:34:26	16,7781	24,5625	23,5	7,78438	1,0625
23:35:24	16,8031	24,5625	23,5	7,75937	1,0625
23:36:22	16,8094	24,5625	23,5	7,75313	1,0625
23:37:19	16,8125	24,5625	23,5	7,75	1,0625
23:38:17	16,8188	24,5625	23,5	7,74375	1,0625
23:39:14	16,8313	24,5656	23,5	7,73438	1,06563
23:40:12	16,8656	24,5625	23,5	7,69687	1,0625
23:41:10	16,8719	24,5625	23,5	7,69063	1,0625
23:42:07	16,875	24,5625	23,5	7,6875	1,0625
23:43:05	16,8781	24,5625	23,5	7,68437	1,0625
23:44:02	16,8875	24,5625	23,5	7,675	1,0625
23:45:00	16,9156	24,5625	23,5	7,64688	1,0625
23:45:58	16,9281	24,5625	23,5	7,63437	1,0625
23:46:55	16,9375	24,5625	23,5	7,625	1,0625
23:47:53	16,9375	24,5625	23,5	7,625	1,0625
23:48:50	16,9406	24,5625	23,5	7,62187	1,0625
23:49:48	16,9438	24,5625	23,5	7,61875	1,0625
23:50:46	16,9688	24,5625	23,5	7,59375	1,0625
23:51:43	16,9844	24,5625	23,5	7,57812	1,0625
23:52:41	17	24,5625	23,5	7,5625	1,0625
23:53:38	17	24,5625	23,5	7,5625	1,0625
23:54:36	17	24,5625	23,5	7,5625	1,0625
23:55:34	17,0188	24,5625	23,5	7,54375	1,0625
23:56:31	17,05	24,5625	23,5	7,5125	1,0625
23:57:29	17,0625	24,5625	23,5	7,5	1,0625
23:58:26	17,0625	24,5625	23,5	7,5	1,0625
23:59:24	17,0625	24,5625	23,5	7,5	1,0625
24:00:22	17,0688	24,5312	23,5	7,4625	1,03125
24:01:19	17,0875	24,5	23,5	7,4125	1
24:02:17	17,1187	24,5	23,5	7,38125	1
24:03:14	17,125	24,5	23,5	7,375	1
24:04:12	17,125	24,5	23,5	7,375	1
24:05:10	17,1281	24,5	23,5	7,37187	1
24:06:07	17,125	24,5	23,4969	7,375	1,00313
24:07:05	17,1625	24,5	23,5	7,3375	1
24:08:02	17,175	24,5	23,5	7,325	1
24:09:00	17,1875	24,5	23,5	7,3125	1
24:09:58	17,1875	24,5	23,5	7,3125	1
24:10:55	17,1906	24,5	23,5	7,30937	1
24:11:53	17,1875	24,5	23,5	7,3125	1
24:12:50	17,2094	24,5	23,4969	7,29062	1,00313
24:13:48	17,2344	24,5	23,4969	7,26562	1,00313
24:14:46	17,25	24,5	23,5	7,25	1
24:15:43	17,25	24,5	23,4969	7,25	1,00313
24:16:41	17,2531	24,5	23,4937	7,24687	1,00625
24:17:38	17,2594	24,5	23,4906	7,24063	1,00937
24:18:36	17,2719	24,5	23,5	7,22812	1
24:19:34	17,2906	24,5	23,5	7,20938	1
24:20:31	17,3094	24,4937	23,5	7,18437	0,99375
24:21:29	17,3156	24,4969	23,5	7,18125	0,996875
24:22:26	17,3125	24,4969	23,4969	7,18437	1
24:23:24	17,3219	24,4812	23,5	7,15938	0,98125
24:24:22	17,3438	24,4406	23,5	7,09688	0,940625
24:25:19	17,3687	24,4375	23,4906	7,06875	0,946875
24:26:17	17,375	24,4375	23,4625	7,0625	0,975
24:27:14	17,375	24,4375	23,4688	7,0625	0,96875
24:28:12	17,375	24,4375	23,4781	7,0625	0,959375
24:29:10	17,3906	24,4375	23,4688	7,04688	0,96875
24:30:07	17,4031	24,4375	23,4688	7,03438	0,96875
24:31:05	17,425	24,4375	23,4625	7,0125	0,975
24:32:02	17,4344	24,4375	23,4563	7,00313	0,98125
24:33:00	17,4375	24,4375	23,4531	7	0,984375
24:33:58	17,4375	24,4375	23,4531	7	0,984375
24:34:55	17,4469	24,4375	23,4531	6,99063	0,984375
24:35:53	17,4688	24,4375	23,45	6,96875	0,9875
24:36:50	17,475	24,4375	23,4438	6,9625	0,99375
24:37:48	17,4969	24,4375	23,4438	6,94063	0,99375
24:38:46	17,5	24,4375	23,4469	6,9375	0,990625
24:39:43	17,5	24,4375	23,4594	6,9375	0,978125
24:40:41	17,5156	24,4375	23,4563	6,92188	0,98125
24:41:38	17,5281	24,4344	23,4625	6,90625	0,971875
24:42:36	17,55	24,4219	23,45	6,87187	0,971875
24:43:34	17,5625	24,3844	23,4438	6,82187	0,940625
24:44:31	17,5625	24,3781	23,4563	6,81563	0,921875
24:45:29	17,5625	24,375	23,4438	6,8125	0,93125
24:46:26	17,5688	24,375	23,4375	6,80625	0,9375
24:47:24	17,5813	24,375	23,4375	6,79375	0,9375
24:48:22	17,6031	24,375	23,4375	6,77188	0,9375
24:49:19	17,6156	24,375	23,4375	6,75937	0,9375
24:50:17	17,625	24,375	23,4375	6,75	0,9375
24:51:14	17,625	24,375	23,4375	6,75	0,9375
24:52:12	17,6281	24,375	23,4375	6,74687	0,9375
24:53:10	17,6344	24,375	23,4438	6,74063	0,93125
24:54:07	17,6594	24,375	23,4406	6,71562	0,934375
24:55:05	17,6781	24,375	23,4406	6,69687	0,934375
24:56:02	17,6875	24,375	23,4406	6,6875	0,934375
24:57:00	17,6875	24,375	23,4406	6,6875	0,934375
24:57:58	17,6875	24,375	23,4375	6,6875	0,9375
24:58:55	17,6906	24,375	23,4375	6,68437	0,9375
24:59:53	17,7094	24,375	23,4375	6,66562	0,9375
25:00:50	17,7344	24,375	23,4375	6,64062	0,9375
25:01:48	17,7469	24,375	23,4406	6,62813	0,934375
25:02:46	17,75	24,375	23,4375	6,625	0,9375
25:03:43	17,75	24,375	23,4375	6,625	0,9375
25:04:41	17,75	24,375	23,4406	6,625	0,934375
25:05:38	17,7625	24,3719	23,4375	6,60938	0,934375
25:06:36	17,7812	24,3594	23,4375	6,57812	0,921875
25:07:34	17,8062	24,3687	23,4375	6,5625	0,93125
25:08:31	17,8125	24,35	23,4375	6,5375	0,9125
25:09:29	17,8125	24,3219	23,4375	6,50937	0,884375
25:10:26	17,8156	24,3188	23,4375	6,50313	0,88125
25:11:24	17,8156	24,3125	23,4375	6,49687	0,875
25:12:22	17,8313	24,3125	23,4375	6,48125	0,875
25:13:19	17,8625	24,3125	23,4375	6,45	0,875
25:14:17	17,8719	24,3125	23,4375	6,44063	0,875
25:15:14	17,875	24,3219	23,4375	6,44687	0,884375
25:16:12	17,875	24,3219	23,4375	6,44687	0,884375
25:17:10	17,875	24,3125	23,4375	6,4375	0,875
25:18:07	17,8906	24,3125	23,4375	6,42188	0,875
25:19:05	17,9219	24,3125	23,4375	6,39062	0,875
25:20:02	17,925	24,3125	23,4375	6,3875	0,875
25:21:00	17,9375	24,3125	23,4375	6,375	0,875
25:21:58	17,9375	24,3125	23,4375	6,375	0,875
25:22:55	17,9375	24,3125	23,4375	6,375	0,875
25:23:53	17,9406	24,3125	23,4375	6,37187	0,875
25:24:50	17,9563	24,3125	23,4375	6,35625	0,875
25:25:48	17,975	24,3125	23,4375	6,3375	0,875
25:26:46	17,9906	24,3125	23,4375	6,32187	0,875
25:27:43	18	24,3125	23,4375	6,3125	0,875
25:28:41	18	24,3125	23,4375	6,3125	0,875
25:29:38	18,0031	24,3094	23,4375	6,30625	0,871875
25:30:36	18,0063	24,3094	23,4375	6,30312	0,871875
25:31:34	18,0156	24,3125	23,4375	6,29688	0,875
25:32:31	18,0406	24,3125	23,4375	6,27188	0,875
25:33:29	18,0562	24,3125	23,4375	6,25625	0,875
25:34:26	18,0625	24,3125	23,4375	6,25	0,875
25:35:24	18,0625	24,3125	23,4375	6,25	0,875
25:36:22	18,0719	24,3094	23,4375	6,2375	0,871875
25:37:19	18,0625	24,3125	23,4375	6,25	0,875
25:38:17	18,0938	24,3125	23,4375	6,21875	0,875
25:39:14	18,1125	24,3125	23,4375	6,2	0,875
25:40:12	18,125	24,3125	23,4375	6,1875	0,875
25:41:10	18,125	24,3125	23,4375	6,1875	0,875
25:42:07	18,125	24,3125	23,4375	6,1875	0,875
25:43:05	18,125	24,3125	23,4375	6,1875	0,875
25:44:02	18,1344	24,3125	23,4375	6,17813	0,875
25:45:00	18,1594	24,3094	23,4375	6,15	0,871875
25:45:58	18,1719	24,3094	23,4375	6,1375	0,871875
25:46:55	18,1844	24,3125	23,4375	6,12813	0,875
25:47:53	18,1875	24,3094	23,4375	6,12187	0,871875
25:48:50	18,1875	24,3125	23,4375	6,125	0,875
25:49:48	18,1875	24,3125	23,4375	6,125	0,875
25:50:46	18,2	24,3125	23,4375	6,1125	0,875
25:51:43	18,225	24,3125	23,4375	6,0875	0,875
25:52:41	18,2312	24,3125	23,4375	6,08125	0,875
25:53:38	18,2437	24,3062	23,4375	6,0625	0,86875
25:54:36	18,25	24,2906	23,4375	6,04062	0,853125
25:55:34	18,25	24,2875	23,4375	6,0375	0,85
25:56:31	18,25	24,3062	23,4375	6,05625	0,86875
25:57:29	18,2719	24,3125	23,4375	6,04062	0,875
25:58:26	18,2812	24,3125	23,4375	6,03125	0,875
25:59:24	18,3	24,3125	23,4375	6,0125	0,875
26:00:22	18,3125	24,3125	23,4375	6	0,875
26:01:19	18,3125	24,3094	23,4375	5,99687	0,871875
26:02:17	18,3125	24,3031	23,4375	5,99063	0,865625
26:03:14	18,3125	24,3031	23,4375	5,99063	0,865625
26:04:12	18,3156	24,2969	23,4375	5,98125	0,859375
26:05:10	18,3344	24,2875	23,4375	5,95312	0,85
26:06:07	18,3469	24,2875	23,4375	5,94063	0,85
26:07:05	18,3719	24,2719	23,4375	5,9	0,834375
26:08:02	18,3719	24,2969	23,4375	5,925	0,859375
26:09:00	18,375	24,2844	23,4375	5,90938	0,846875
26:09:58	18,375	24,2563	23,4375	5,88125	0,81875
26:10:55	18,3938	24,2656	23,4375	5,87187	0,828125
26:11:53	18,3844	24,2812	23,4375	5,89688	0,84375
26:12:50	18,4125	24,2937	23,4375	5,88125	0,85625
26:13:48	18,4375	24,2875	23,4375	5,85	0,85
26:14:46	18,4344	24,3094	23,4375	5,875	0,871875
26:15:43	18,4375	24,2969	23,4375	5,85938	0,859375
26:16:41	18,4375	24,3094	23,4375	5,87187	0,871875
26:17:38	18,4375	24,2812	23,4375	5,84375	0,84375
26:18:36	18,4469	24,2688	23,4375	5,82188	0,83125
26:19:34	18,4625	24,2625	23,4375	5,8	0,825
26:20:31	18,4937	24,2688	23,4375	5,775	0,83125
26:21:29	18,4969	24,2531	23,4375	5,75625	0,815625
26:22:26	18,4969	24,25	23,4375	5,75313	0,8125
26:23:24	18,5	24,25	23,4375	5,75	0,8125
26:24:22	18,5031	24,25	23,4375	5,74687	0,8125
26:25:19	18,5031	24,25	23,4375	5,74687	0,8125
26:26:17	18,5281	24,25	23,4375	5,72188	0,8125
26:27:14	18,5469	24,25	23,4375	5,70312	0,8125
26:28:12	18,5594	24,2625	23,4375	5,70312	0,825
26:29:10	18,5562	24,2531	23,4375	5,69688	0,815625
26:30:07	18,5625	24,25	23,4375	5,6875	0,8125
26:31:05	18,5625	24,25	23,4375	5,6875	0,8125
26:32:02	18,5656	24,25	23,4375	5,68437	0,8125
26:33:00	18,5813	24,25	23,4375	5,66875	0,8125
26:33:58	18,5875	24,25	23,4375	5,6625	0,8125
26:34:55	18,6187	24,25	23,4375	5,63125	0,8125
26:35:53	18,6187	24,25	23,4375	5,63125	0,8125
26:36:50	18,625	24,25	23,4375	5,625	0,8125
26:37:48	18,625	24,25	23,4375	5,625	0,8125
26:38:46	18,625	24,25	23,4375	5,625	0,8125
26:39:43	18,6344	24,25	23,4375	5,61563	0,8125
26:40:41	18,6406	24,25	23,4375	5,60938	0,8125
26:41:38	18,6625	24,25	23,4375	5,5875	0,8125
26:42:36	18,6781	24,25	23,4375	5,57187	0,8125
26:43:34	18,6812	24,25	23,4375	5,56875	0,8125
26:44:31	18,6875	24,25	23,4375	5,5625	0,8125
26:45:29	18,6875	24,25	23,4375	5,5625	0,8125
26:46:26	18,6938	24,25	23,4375	5,55625	0,8125
26:47:24	18,7031	24,25	23,4375	5,54688	0,8125
26:48:22	18,7156	24,25	23,4375	5,53438	0,8125
26:49:19	18,7312	24,25	23,4375	5,51875	0,8125
26:50:17	18,7437	24,25	23,4375	5,50625	0,8125
26:51:14	18,75	24,25	23,4375	5,5	0,8125
26:52:12	18,75	24,25	23,4375	5,5	0,8125
26:53:10	18,75	24,25	23,4375	5,5	0,8125
26:54:07	18,7563	24,25	23,4375	5,49375	0,8125
26:55:05	18,7688	24,25	23,4375	5,48125	0,8125
26:56:02	18,7781	24,25	23,4375	5,47188	0,8125
26:57:00	18,7969	24,25	23,4375	5,45312	0,8125
26:57:58	18,8062	24,25	23,4375	5,44375	0,8125
26:58:55	18,8125	24,25	23,4375	5,4375	0,8125
26:59:53	18,8125	24,25	23,4375	5,4375	0,8125
27:00:50	18,8125	24,25	23,4344	5,4375	0,815625
27:01:48	18,825	24,25	23,4375	5,425	0,8125
27:02:46	18,8375	24,25	23,4375	5,4125	0,8125
27:03:43	18,8344	24,25	23,4375	5,41562	0,8125
27:04:41	18,8656	24,25	23,4375	5,38437	0,8125
27:05:38	18,875	24,25	23,4375	5,375	0,8125
27:06:36	18,8687	24,25	23,4375	5,38125	0,8125
27:07:34	18,875	24,25	23,4344	5,375	0,815625
27:08:31	18,875	24,25	23,4375	5,375	0,8125
27:09:29	18,8875	24,25	23,4375	5,3625	0,8125
27:10:26	18,8969	24,25	23,4375	5,35312	0,8125
27:11:24	18,9125	24,25	23,4375	5,3375	0,8125
27:12:22	18,9312	24,25	23,4375	5,31875	0,8125
27:13:19	18,9344	24,25	23,4344	5,31563	0,815625
27:14:17	18,9375	24,25	23,4375	5,3125	0,8125
27:15:14	18,9375	24,25	23,4375	5,3125	0,8125
27:16:12	18,9438	24,25	23,4312	5,30625	0,81875
27:17:10	18,9375	24,25	23,4344	5,3125	0,815625
27:18:07	18,9594	24,25	23,4375	5,29062	0,8125
27:19:05	18,975	24,25	23,4344	5,275	0,815625
27:20:02	18,9844	24,25	23,4187	5,26562	0,83125
27:21:00	18,9969	24,25	23,4344	5,25313	0,815625
27:21:58	19	24,25	23,4375	5,25	0,8125
27:22:55	19,0031	24,25	23,4344	5,24687	0,815625
27:23:53	19	24,25	23,4156	5,25	0,834375
27:24:50	19,0031	24,25	23,4	5,24687	0,85
27:25:48	19,0094	24,25	23,4	5,24063	0,85
27:26:46	19,0375	24,25	23,3844	5,2125	0,865625
27:27:43	19,0531	24,25	23,3938	5,19687	0,85625
27:28:41	19,0594	24,25	23,4187	5,19063	0,83125
27:29:38	19,0625	24,25	23,4125	5,1875	0,8375
27:30:36	19,0625	24,25	23,4062	5,1875	0,84375
27:31:34	19,0656	24,25	23,4031	5,18437	0,846875
27:32:31	19,0625	24,25	23,3938	5,1875	0,85625
27:33:29	19,0688	24,2469	23,4	5,17812	0,846875
27:34:26	19,075	24,2469	23,3875	5,17188	0,859375
27:35:24	19,1125	24,2469	23,3875	5,13437	0,859375
27:36:22	19,1125	24,2406	23,3813	5,12813	0,859375
27:37:19	19,125	24,2156	23,3813	5,09062	0,834375
27:38:17	19,125	24,2094	23,3781	5,08438	0,83125
27:39:14	19,1281	24,1969	23,375	5,06875	0,821875
27:40:12	19,125	24,1906	23,375	5,06563	0,815625
27:41:10	19,1313	24,1875	23,375	5,05625	0,8125
27:42:07	19,1562	24,1938	23,375	5,0375	0,81875
27:43:05	19,1656	24,1875	23,375	5,02188	0,8125
27:44:02	19,1781	24,1875	23,375	5,00937	0,8125
27:45:00	19,1875	24,1875	23,375	5	0,8125
27:45:58	19,1875	24,1875	23,375	5	0,8125
27:46:55	19,1875	24,1875	23,375	5	0,8125
27:47:53	19,1875	24,1875	23,375	5	0,8125
27:48:50	19,1906	24,1875	23,375	4,99687	0,8125
27:49:48	19,2125	24,1875	23,375	4,975	0,8125
27:50:46	19,2219	24,1875	23,375	4,96562	0,8125
27:51:43	19,2281	24,1844	23,375	4,95625	0,809375
27:52:41	19,2406	24,1875	23,375	4,94687	0,8125
27:53:38	19,25	24,1781	23,375	4,92813	0,803125
27:54:36	19,25	24,15	23,375	4,9	0,775
27:55:34	19,25	24,1625	23,375	4,9125	0,7875
27:56:31	19,25	24,1687	23,375	4,91875	0,79375
27:57:29	19,2656	24,1875	23,375	4,92188	0,8125
27:58:26	19,2688	24,1844	23,375	4,91562	0,809375
27:59:24	19,2906	24,1875	23,375	4,89688	0,8125
28:00:22	19,3062	24,1781	23,375	4,87188	0,803125
28:01:19	19,3094	24,1719	23,375	4,8625	0,796875
28:02:17	19,3125	24,1719	23,375	4,85938	0,796875
28:03:14	19,3125	24,1844	23,375	4,87187	0,809375
28:04:12	19,3125	24,175	23,375	4,8625	0,8
28:05:10	19,3125	24,15	23,375	4,8375	0,775
28:06:07	19,325	24,1313	23,375	4,80625	0,75625
28:07:05	19,325	24,125	23,375	4,8	0,75
28:08:02	19,3594	24,1281	23,375	4,76875	0,753125
28:09:00	19,3594	24,125	23,375	4,76562	0,75
28:09:58	19,3719	24,125	23,3687	4,75313	0,75625
28:10:55	19,375	24,125	23,3625	4,75	0,7625
28:11:53	19,375	24,125	23,3687	4,75	0,75625
28:12:50	19,375	24,125	23,3656	4,75	0,759375
28:13:48	19,3875	24,125	23,3438	4,7375	0,78125
28:14:46	19,3969	24,125	23,325	4,72812	0,8
28:15:43	19,3969	24,125	23,325	4,72812	0,8
28:16:41	19,4156	24,125	23,3281	4,70938	0,796875
28:17:38	19,4312	24,125	23,3406	4,69375	0,784375
28:18:36	19,4375	24,125	23,3219	4,6875	0,803125
28:19:34	19,4375	24,125	23,3219	4,6875	0,803125
28:20:31	19,4375	24,125	23,3188	4,6875	0,80625
28:21:29	19,4375	24,125	23,3125	4,6875	0,8125
28:22:26	19,4375	24,125	23,3156	4,6875	0,809375
28:23:24	19,4438	24,125	23,3125	4,68125	0,8125
28:24:22	19,4594	24,125	23,3125	4,66562	0,8125
28:25:19	19,4844	24,1219	23,3125	4,6375	0,809375
28:26:17	19,4875	24,125	23,3125	4,6375	0,8125
28:27:14	19,4937	24,125	23,3125	4,63125	0,8125
28:28:12	19,4969	24,125	23,3125	4,62813	0,8125
28:29:10	19,5	24,1125	23,3125	4,6125	0,8
28:30:07	19,5	24,1156	23,3125	4,61563	0,803125
28:31:05	19,5031	24,1125	23,3125	4,60938	0,8
28:32:02	19,5031	24,1219	23,3125	4,61875	0,809375
28:33:00	19,5188	24,1094	23,3125	4,59062	0,796875
28:33:58	19,5406	24,1094	23,3125	4,56875	0,796875
28:34:55	19,5531	24,1156	23,3125	4,5625	0,803125
28:35:53	19,5625	24,1156	23,3125	4,55313	0,803125
28:36:50	19,5625	24,0906	23,3125	4,52812	0,778125
28:37:48	19,5594	24,0906	23,3125	4,53125	0,778125
28:38:46	19,5625	24,1031	23,3125	4,54062	0,790625
28:39:43	19,5625	24,0906	23,3125	4,52812	0,778125
28:40:41	19,5688	24,0844	23,3125	4,51562	0,771875
28:41:38	19,5781	24,0906	23,3125	4,5125	0,778125
28:42:36	19,5875	24,0875	23,3125	4,5	0,775
28:43:34	19,6062	24,0781	23,3125	4,47188	0,765625
28:44:31	19,6094	24,0625	23,3125	4,45312	0,75
28:45:29	19,625	24,0656	23,3125	4,44063	0,753125
28:46:26	19,625	24,0625	23,3125	4,4375	0,75
28:47:24	19,625	24,0625	23,3125	4,4375	0,75
28:48:22	19,625	24,0656	23,3125	4,44063	0,753125
28:49:19	19,6281	24,0625	23,3125	4,43437	0,75
28:50:17	19,6281	24,0625	23,3125	4,43437	0,75
28:51:14	19,6531	24,0625	23,3125	4,40938	0,75
28:52:12	19,6656	24,0625	23,3125	4,39688	0,75
28:53:10	19,6687	24,0625	23,3094	4,39375	0,753125
28:54:07	19,6875	24,0625	23,3094	4,375	0,753125
28:55:05	19,6875	24,0625	23,3062	4,375	0,75625
28:56:02	19,6875	24,0625	23,3062	4,375	0,75625
28:57:00	19,6875	24,0625	23,3062	4,375	0,75625
28:57:58	19,6875	24,0625	23,3	4,375	0,7625
28:58:55	19,6906	24,0625	23,2844	4,37187	0,778125
28:59:53	19,7063	24,0625	23,2719	4,35625	0,790625
29:00:50	19,7219	24,0625	23,2688	4,34062	0,79375
29:01:48	19,7344	24,0625	23,2625	4,32812	0,8
29:02:46	19,7469	24,0625	23,2563	4,31563	0,80625
29:03:43	19,7469	24,0625	23,25	4,31563	0,8125
29:04:41	19,7469	24,0594	23,25	4,3125	0,809375
29:05:38	19,75	24,0625	23,25	4,3125	0,8125
29:06:36	19,75	24,0625	23,25	4,3125	0,8125
29:07:34	19,75	24,0625	23,25	4,3125	0,8125
29:08:31	19,7531	24,0625	23,25	4,30937	0,8125
29:09:29	19,7781	24,0594	23,25	4,28125	0,809375
29:10:26	19,7812	24,0531	23,25	4,27188	0,803125
29:11:24	19,7937	24,0437	23,25	4,25	0,79375
29:12:22	19,8	24,0156	23,25	4,21562	0,765625
29:13:19	19,8094	24,0031	23,25	4,19375	0,753125
29:14:17	19,8125	24,0125	23,25	4,2	0,7625
29:15:14	19,8094	24	23,25	4,19063	0,75
29:16:12	19,8125	24	23,25	4,1875	0,75
29:17:10	19,8188	24	23,25	4,18125	0,75
29:18:07	19,8156	24	23,25	4,18437	0,75
29:19:05	19,8219	24	23,25	4,17813	0,75
29:20:02	19,8344	24	23,25	4,16562	0,75
29:21:00	19,8594	24	23,25	4,14062	0,75
29:21:58	19,8687	24	23,25	4,13125	0,75
29:22:55	19,875	24	23,2406	4,125	0,759375
29:23:53	19,8719	24	23,2344	4,12813	0,765625
29:24:50	19,875	23,9969	23,2156	4,12187	0,78125
29:25:48	19,875	23,9969	23,1969	4,12187	0,8
29:26:46	19,8813	23,9844	23,1938	4,10312	0,790625
29:27:43	19,8813	23,9594	23,1875	4,07812	0,771875
29:28:41	19,8938	23,95	23,1875	4,05625	0,7625
29:29:38	19,8875	23,9375	23,1875	4,05	0,75
29:30:36	19,9125	23,9406	23,1875	4,02812	0,753125
29:31:34	19,9187	23,9375	23,1875	4,01875	0,75
29:32:31	19,9312	23,9375	23,1875	4,00625	0,75
29:33:29	19,9375	23,9375	23,1875	4	0,75
29:34:26	19,9375	23,9375	23,1875	4	0,75
29:35:24	19,9375	23,9375	23,1875	4	0,75
29:36:22	19,9375	23,9375	23,1875	4	0,75
29:37:19	19,9406	23,9375	23,1875	3,99687	0,75
29:38:17	19,9594	23,9375	23,1875	3,97812	0,75
29:39:14	19,9563	23,9375	23,1875	3,98125	0,75
29:40:12	19,9594	23,9375	23,1875	3,97812	0,75
29:41:10	19,9719	23,9375	23,1875	3,96562	0,75
29:42:07	19,9875	23,9375	23,1875	3,95	0,75
29:43:05	20	23,9375	23,1844	3,9375	0,753125
29:44:02	19,9969	23,9375	23,1781	3,94063	0,759375
29:45:00	19,9969	23,9375	23,1781	3,94063	0,759375
29:45:58	20	23,9375	23,1812	3,9375	0,75625
29:46:55	20	23,9344	23,1687	3,93437	0,765625
29:47:53	20	23,9312	23,1469	3,93125	0,784375
29:48:50	20,0063	23,9031	23,1406	3,89687	0,7625
29:49:48	20,0344	23,8813	23,125	3,84688	0,75625
29:50:46	20,0375	23,8875	23,1281	3,85	0,759375
29:51:43	20,0531	23,8938	23,125	3,84062	0,76875
29:52:41	20,0625	23,8906	23,125	3,82812	0,765625
29:53:38	20,0625	23,8906	23,125	3,82812	0,765625
29:54:36	20,0625	23,8781	23,125	3,81563	0,753125
29:55:34	20,0625	23,8813	23,125	3,81875	0,75625
29:56:31	20,0625	23,875	23,125	3,8125	0,75
29:57:29	20,0625	23,875	23,125	3,8125	0,75
29:58:26	20,0688	23,875	23,125	3,80625	0,75
29:59:24	20,0719	23,875	23,125	3,80313	0,75
30:00:22	20,0688	23,875	23,125	3,80625	0,75
30:01:19	20,0906	23,875	23,125	3,78438	0,75
30:02:17	20,1125	23,875	23,125	3,7625	0,75
30:03:14	20,125	23,875	23,125	3,75	0,75
30:04:12	20,1219	23,875	23,125	3,75313	0,75
30:05:10	20,125	23,875	23,125	3,75	0,75
30:06:07	20,125	23,875	23,1219	3,75	0,753125
30:07:05	20,125	23,875	23,1219	3,75	0,753125
30:08:02	20,125	23,875	23,125	3,75	0,75
30:09:00	20,125	23,875	23,1031	3,75	0,771875
30:09:58	20,15	23,875	23,1125	3,725	0,7625
30:10:55	20,1438	23,875	23,1062	3,73125	0,76875
30:11:53	20,1562	23,875	23,0813	3,71875	0,79375
30:12:50	20,1562	23,875	23,0813	3,71875	0,79375
30:13:48	20,1875	23,875	23,0719	3,6875	0,803125
30:14:46	20,1844	23,875	23,0656	3,69063	0,809375
30:15:43	20,1875	23,8813	23,0625	3,69375	0,81875
30:16:41	20,1875	23,9219	23,0656	3,73438	0,85625
30:17:38	20,1875	23,9375	23,0625	3,75	0,875
30:18:36	20,1875	23,9375	23,0688	3,75	0,86875
30:19:34	20,1875	23,9375	23,0625	3,75	0,875
30:20:31	20,1906	23,9375	23,0625	3,74687	0,875
30:21:29	20,2094	23,9375	23,0625	3,72812	0,875
30:22:09	20,2167	23,9375	23,0667	3,72083	0,870833
